timestamp_utc,ms_since_candle_start,event_type,side,up_bid,up_ask,up_mid,dn_bid,dn_ask,dn_mid,entry_log_ask,entry_log_mid,entry_mv_pct
02:30:10.052,10052,TICK,Up,0.6700,0.6800,0.6750,,,,,,
02:30:10.054,10055,TICK,Down,0.6700,0.6800,0.6750,0.3200,0.3300,0.3250,,,
02:30:10.388,10388,TICK,Up,0.6000,0.6200,0.6100,0.3200,0.3300,0.3250,,,
02:30:10.409,10409,TICK,Down,0.6000,0.6200,0.6100,0.3800,0.4000,0.3900,,,
02:30:10.413,10413,TICK,Up,0.6000,0.6200,0.6100,0.3800,0.4000,0.3900,,,
02:30:10.425,10425,TICK,Down,0.6000,0.6200,0.6100,0.3800,0.4000,0.3900,,,
02:30:10.432,10433,TICK,Down,0.6000,0.6200,0.6100,0.3800,0.4000,0.3900,,,
02:30:10.436,10437,TICK,Down,0.6000,0.6200,0.6100,0.3800,0.4000,0.3900,,,
02:30:10.983,10984,TICK,Up,0.5800,0.5900,0.5850,0.3800,0.4000,0.3900,,,
02:30:10.995,10995,TICK,Down,0.5800,0.5900,0.5850,0.4100,0.4200,0.4150,,,
02:30:11.006,11007,TICK,Up,0.5800,0.5900,0.5850,0.4100,0.4200,0.4150,,,
02:30:11.022,11023,TICK,Up,0.5800,0.5900,0.5850,0.4100,0.4200,0.4150,,,
02:30:11.035,11035,TICK,Down,0.5800,0.5900,0.5850,0.4100,0.4200,0.4150,,,
02:30:11.048,11049,TICK,Up,0.5800,0.5900,0.5850,0.4100,0.4200,0.4150,,,
02:30:11.065,11066,TICK,Up,0.5800,0.5900,0.5850,0.4100,0.4200,0.4150,,,
02:30:11.077,11078,TICK,Down,0.5800,0.5900,0.5850,0.4100,0.4200,0.4150,,,
02:30:11.085,11086,TICK,Up,0.5600,0.5900,0.5750,0.4100,0.4200,0.4150,,,
02:30:11.099,11099,TICK,Down,0.5600,0.5900,0.5750,0.4100,0.4400,0.4250,,,
02:30:11.107,11107,TICK,Up,0.5600,0.5900,0.5750,0.4100,0.4400,0.4250,,,
02:30:11.111,11112,TICK,Down,0.5600,0.5900,0.5750,0.4100,0.4400,0.4250,,,
02:30:11.940,11940,TICK,Up,0.5800,0.6000,0.5900,0.4100,0.4400,0.4250,,,
02:30:11.944,11944,TICK,Down,0.5800,0.6000,0.5900,0.4000,0.4200,0.4100,,,
02:30:11.947,11948,TICK,Up,0.5800,0.6000,0.5900,0.4000,0.4200,0.4100,,,
02:30:11.950,11950,TICK,Up,0.5900,0.6000,0.5950,0.4000,0.4200,0.4100,,,
02:30:11.952,11952,TICK,Down,0.5900,0.6000,0.5950,0.4000,0.4100,0.4050,,,
02:30:11.954,11954,TICK,Up,0.5900,0.6000,0.5950,0.4000,0.4100,0.4050,,,
02:30:11.956,11957,TICK,Down,0.5900,0.6000,0.5950,0.4000,0.4100,0.4050,,,
02:30:11.959,11960,TICK,Up,0.5900,0.6000,0.5950,0.4000,0.4100,0.4050,,,
02:30:11.963,11964,TICK,Down,0.5900,0.6000,0.5950,0.4000,0.4100,0.4050,,,
02:30:11.971,11971,TICK,Up,0.5900,0.6000,0.5950,0.4000,0.4100,0.4050,,,
02:30:11.975,11975,TICK,Down,0.5900,0.6000,0.5950,0.4000,0.4100,0.4050,,,
02:30:11.979,11979,TICK,Up,0.5900,0.6000,0.5950,0.4000,0.4100,0.4050,,,
02:30:11.982,11983,TICK,Up,0.5900,0.6000,0.5950,0.4000,0.4100,0.4050,,,
02:30:11.985,11986,TICK,Down,0.5900,0.6000,0.5950,0.4000,0.4100,0.4050,,,
02:30:11.988,11988,TICK,Up,0.5800,0.6000,0.5900,0.4000,0.4100,0.4050,,,
02:30:11.991,11992,TICK,Down,0.5800,0.6000,0.5900,0.4000,0.4200,0.4100,,,
02:30:11.994,11995,TICK,Down,0.5800,0.6000,0.5900,0.4000,0.4200,0.4100,,,
02:30:11.997,11998,TICK,Up,0.5800,0.6000,0.5900,0.4000,0.4200,0.4100,,,
02:30:12.685,12685,TICK,Up,0.5800,0.5900,0.5850,0.4000,0.4200,0.4100,,,
02:30:12.688,12688,TICK,Down,0.5800,0.5900,0.5850,0.4100,0.4200,0.4150,,,
02:30:12.692,12693,TICK,Up,0.5800,0.5900,0.5850,0.4100,0.4200,0.4150,,,
02:30:12.696,12697,TICK,Up,0.5800,0.5900,0.5850,0.4100,0.4200,0.4150,,,
02:30:12.699,12700,TICK,Down,0.5800,0.5900,0.5850,0.4100,0.4200,0.4150,,,
02:30:12.702,12703,TICK,Down,0.5800,0.5900,0.5850,0.4100,0.4200,0.4150,,,
02:30:12.707,12707,TICK,Up,0.5800,0.5900,0.5850,0.4100,0.4200,0.4150,,,
02:30:12.712,12713,TICK,Down,0.5800,0.5900,0.5850,0.4100,0.4200,0.4150,,,
02:30:12.725,12725,TICK,Up,0.5800,0.5900,0.5850,0.4100,0.4200,0.4150,,,
02:30:12.731,12732,TICK,Up,0.6000,0.6300,0.6150,0.4100,0.4200,0.4150,,,
02:30:12.738,12738,TICK,Down,0.6000,0.6300,0.6150,0.3700,0.4000,0.3850,,,
02:30:12.745,12745,TICK,Up,0.6000,0.6300,0.6150,0.3700,0.4000,0.3850,,,
02:30:12.753,12754,TICK,Up,0.6200,0.6300,0.6250,0.3700,0.4000,0.3850,,,
02:30:12.766,12767,TICK,Down,0.6200,0.6300,0.6250,0.3700,0.3800,0.3750,,,
02:30:12.775,12776,TICK,Down,0.6200,0.6300,0.6250,0.3700,0.3800,0.3750,,,
02:30:13.519,13519,TICK,Up,0.6200,0.6400,0.6300,0.3700,0.3800,0.3750,,,
02:30:13.524,13524,TICK,Down,0.6200,0.6400,0.6300,0.3600,0.3800,0.3700,,,
02:30:13.527,13527,TICK,Up,0.6200,0.6400,0.6300,0.3600,0.3800,0.3700,,,
02:30:13.529,13530,TICK,Up,0.6200,0.6400,0.6300,0.3600,0.3800,0.3700,,,
02:30:13.533,13533,TICK,Down,0.6200,0.6400,0.6300,0.3600,0.3800,0.3700,,,
02:30:13.537,13537,TICK,Up,0.6200,0.6500,0.6350,0.3600,0.3800,0.3700,,,
02:30:13.541,13541,TICK,Down,0.6200,0.6500,0.6350,0.3500,0.3800,0.3650,,,
02:30:13.545,13546,TICK,Up,0.6200,0.6500,0.6350,0.3500,0.3800,0.3650,,,
02:30:13.551,13552,TICK,Up,0.6200,0.6500,0.6350,0.3500,0.3800,0.3650,,,
02:30:13.560,13560,TICK,Up,0.6200,0.6500,0.6350,0.3500,0.3800,0.3650,,,
02:30:13.570,13570,TICK,Down,0.6200,0.6500,0.6350,0.3500,0.3800,0.3650,,,
02:30:13.574,13574,TICK,Up,0.6200,0.6500,0.6350,0.3500,0.3800,0.3650,,,
02:30:13.577,13577,TICK,Down,0.6200,0.6500,0.6350,0.3500,0.3800,0.3650,,,
02:30:13.582,13583,TICK,Up,0.6200,0.6500,0.6350,0.3500,0.3800,0.3650,,,
02:30:13.586,13586,TICK,Up,0.6200,0.6500,0.6350,0.3500,0.3800,0.3650,,,
02:30:13.748,13749,TICK,Up,0.6200,0.6500,0.6350,0.3500,0.3800,0.3650,,,
02:30:13.752,13753,TICK,Down,0.6200,0.6500,0.6350,0.3500,0.3800,0.3650,,,
02:30:13.756,13756,TICK,Up,0.6200,0.6500,0.6350,0.3500,0.3800,0.3650,,,
02:30:13.759,13759,TICK,Up,0.6200,0.6500,0.6350,0.3500,0.3800,0.3650,,,
02:30:13.764,13764,TICK,Up,0.6200,0.6500,0.6350,0.3500,0.3800,0.3650,,,
02:30:13.766,13767,TICK,Down,0.6200,0.6500,0.6350,0.3500,0.3800,0.3650,,,
02:30:13.769,13769,TICK,Up,0.6900,0.7000,0.6950,0.3500,0.3800,0.3650,,,
02:30:13.774,13774,TICK,Down,0.6900,0.7000,0.6950,0.3000,0.3100,0.3050,,,
02:30:13.778,13779,TICK,Up,0.6900,0.7000,0.6950,0.3000,0.3100,0.3050,,,
02:30:14.314,14314,TICK,Up,0.6300,0.7000,0.6650,0.3000,0.3100,0.3050,,,
02:30:14.318,14319,TICK,Down,0.6300,0.7000,0.6650,0.3000,0.3700,0.3350,,,
02:30:14.323,14323,TICK,Down,0.6300,0.7000,0.6650,0.3000,0.3700,0.3350,,,
02:30:14.424,14425,TICK,Up,0.6400,0.7000,0.6700,0.3000,0.3700,0.3350,,,
02:30:14.428,14428,TICK,Down,0.6400,0.7000,0.6700,0.3000,0.3600,0.3300,,,
02:30:14.433,14433,TICK,Up,0.6400,0.7000,0.6700,0.3000,0.3600,0.3300,,,
02:30:14.443,14444,TICK,Up,0.6600,0.7000,0.6800,0.3000,0.3600,0.3300,,,
02:30:14.447,14448,TICK,Down,0.6600,0.7000,0.6800,0.3000,0.3400,0.3200,,,
02:30:14.450,14451,TICK,Up,0.6600,0.7000,0.6800,0.3000,0.3400,0.3200,,,
02:30:14.643,14644,TICK,Up,0.6600,0.7000,0.6800,0.3000,0.3400,0.3200,,,
02:30:14.676,14676,TICK,Up,0.6700,0.7000,0.6850,0.3000,0.3400,0.3200,,,
02:30:14.684,14684,TICK,Down,0.6700,0.7000,0.6850,0.3000,0.3300,0.3150,,,
02:30:14.880,14881,TICK,Up,0.6800,0.7000,0.6900,0.3000,0.3300,0.3150,,,
02:30:14.883,14883,TICK,Down,0.6800,0.7000,0.6900,0.3000,0.3200,0.3100,,,
02:30:14.906,14907,TICK,Up,0.6800,0.7000,0.6900,0.3000,0.3200,0.3100,,,
02:30:15.273,15273,TICK,Up,0.7000,0.7100,0.7050,0.3000,0.3200,0.3100,,,
02:30:15.277,15277,TICK,Down,0.7000,0.7100,0.7050,0.2900,0.3000,0.2950,,,
02:30:15.332,15333,TICK,Up,0.7000,0.7100,0.7050,0.2900,0.3000,0.2950,,,
02:30:15.434,15434,TICK,Up,0.7100,0.7200,0.7150,0.2900,0.3000,0.2950,,,
02:30:15.438,15439,TICK,Down,0.7100,0.7200,0.7150,0.2800,0.2900,0.2850,,,
02:30:15.445,15446,TICK,Up,0.7100,0.7200,0.7150,0.2800,0.2900,0.2850,,,
02:30:15.777,15778,TICK,Up,0.7100,0.7200,0.7150,0.2800,0.2900,0.2850,,,
02:30:15.781,15781,TICK,Down,0.7100,0.7200,0.7150,0.2800,0.2900,0.2850,,,
02:30:15.783,15784,TICK,Down,0.7100,0.7200,0.7150,0.2800,0.2900,0.2850,,,
02:30:16.120,16120,TICK,Up,0.7000,0.7200,0.7100,0.2800,0.2900,0.2850,,,
02:30:16.123,16124,TICK,Down,0.7000,0.7200,0.7100,0.2800,0.3000,0.2900,,,
02:30:16.147,16147,TICK,Up,0.7000,0.7200,0.7100,0.2800,0.3000,0.2900,,,
02:30:16.149,16150,TICK,Up,0.7000,0.7100,0.7050,0.2800,0.3000,0.2900,,,
02:30:16.152,16152,TICK,Down,0.7000,0.7100,0.7050,0.2900,0.3000,0.2950,,,
02:30:16.154,16154,TICK,Down,0.7000,0.7100,0.7050,0.2900,0.3000,0.2950,,,
02:30:16.156,16157,TICK,Up,0.6800,0.7100,0.6950,0.2900,0.3000,0.2950,,,
02:30:16.159,16159,TICK,Down,0.6800,0.7100,0.6950,0.2900,0.3200,0.3050,,,
02:30:16.162,16163,TICK,Down,0.6800,0.7100,0.6950,0.2900,0.3200,0.3050,,,
02:30:17.284,17285,TICK,Up,0.6900,0.7000,0.6950,0.2900,0.3200,0.3050,,,
02:30:17.291,17292,TICK,Down,0.6900,0.7000,0.6950,0.3000,0.3100,0.3050,,,
02:30:17.297,17298,TICK,Up,0.6900,0.7000,0.6950,0.3000,0.3100,0.3050,,,
02:30:17.305,17306,TICK,Up,0.6900,0.7100,0.7000,0.3000,0.3100,0.3050,,,
02:30:17.313,17313,TICK,Down,0.6900,0.7100,0.7000,0.2900,0.3100,0.3000,,,
02:30:17.318,17319,TICK,Up,0.6900,0.7100,0.7000,0.2900,0.3100,0.3000,,,
02:30:18.408,18409,TICK,Up,0.6900,0.7000,0.6950,0.2900,0.3100,0.3000,,,
02:30:18.414,18414,TICK,Down,0.6900,0.7000,0.6950,0.3000,0.3100,0.3050,,,
02:30:18.418,18419,TICK,Up,0.6900,0.7000,0.6950,0.3000,0.3100,0.3050,,,
02:30:18.425,18425,TICK,Up,0.7000,0.7100,0.7050,0.3000,0.3100,0.3050,,,
02:30:18.430,18431,TICK,Down,0.7000,0.7100,0.7050,0.2900,0.3000,0.2950,,,
02:30:18.436,18437,TICK,Up,0.7000,0.7100,0.7050,0.2900,0.3000,0.2950,,,
02:30:18.887,18887,TICK,Up,0.6900,0.7100,0.7000,0.2900,0.3000,0.2950,,,
02:30:18.892,18893,TICK,Down,0.6900,0.7100,0.7000,0.2900,0.3100,0.3000,,,
02:30:18.896,18897,TICK,Up,0.6900,0.7100,0.7000,0.2900,0.3100,0.3000,,,
02:30:19.707,19707,TICK,Up,0.7400,0.7500,0.7450,0.2900,0.3100,0.3000,,,
02:30:19.712,19712,TICK,Down,0.7400,0.7500,0.7450,0.2500,0.2600,0.2550,,,
02:30:19.717,19717,TICK,Up,0.7400,0.7500,0.7450,0.2500,0.2600,0.2550,,,
02:30:20.194,20194,TICK,Up,0.7900,0.8000,0.7950,0.2500,0.2600,0.2550,,,
02:30:20.200,20200,TICK,Down,0.7900,0.8000,0.7950,0.2000,0.2100,0.2050,,,
02:30:20.204,20204,TICK,Up,0.7900,0.8300,0.8100,0.2000,0.2100,0.2050,,,
02:30:20.211,20211,TICK,Down,0.7900,0.8300,0.8100,0.1700,0.2100,0.1900,,,
02:30:20.216,20216,TICK,Up,0.7900,0.8300,0.8100,0.1700,0.2100,0.1900,,,
02:30:20.220,20221,TICK,Up,0.7900,0.8300,0.8100,0.1700,0.2100,0.1900,,,
02:30:20.227,20227,TICK,Up,0.8000,0.8100,0.8050,0.1700,0.2100,0.1900,,,
02:30:20.231,20232,TICK,Down,0.8000,0.8100,0.8050,0.1900,0.2000,0.1950,,,
02:30:20.236,20237,TICK,Up,0.8000,0.8100,0.8050,0.1900,0.2000,0.1950,,,
02:30:20.242,20242,TICK,Up,0.8000,0.8100,0.8050,0.1900,0.2000,0.1950,,,
02:30:20.247,20247,TICK,Down,0.8000,0.8100,0.8050,0.1900,0.2000,0.1950,,,
02:30:20.251,20252,TICK,Up,0.8000,0.8300,0.8150,0.1900,0.2000,0.1950,,,
02:30:20.256,20256,TICK,Down,0.8000,0.8300,0.8150,0.1700,0.2000,0.1850,,,
02:30:20.260,20260,TICK,Down,0.8000,0.8300,0.8150,0.1700,0.2000,0.1850,,,
02:30:20.263,20263,TICK,Up,0.8000,0.8300,0.8150,0.1700,0.2000,0.1850,,,
02:30:20.267,20268,TICK,Up,0.8000,0.8200,0.8100,0.1700,0.2000,0.1850,,,
02:30:20.270,20270,TICK,Down,0.8000,0.8200,0.8100,0.1800,0.2000,0.1900,,,
02:30:20.281,20281,TICK,Up,0.8000,0.8300,0.8150,0.1800,0.2000,0.1900,,,
02:30:20.286,20287,TICK,Down,0.8000,0.8300,0.8150,0.1700,0.2000,0.1850,,,
02:30:20.290,20291,TICK,Down,0.8000,0.8300,0.8150,0.1700,0.2000,0.1850,,,
02:30:20.294,20294,TICK,Up,0.8000,0.8300,0.8150,0.1700,0.2000,0.1850,,,
02:30:21.060,21061,TICK,Up,0.8200,0.8300,0.8250,0.1700,0.2000,0.1850,,,
02:30:21.062,21063,TICK,Down,0.8200,0.8300,0.8250,0.1700,0.1800,0.1750,,,
02:30:21.064,21065,TICK,Up,0.8200,0.8300,0.8250,0.1700,0.1800,0.1750,,,
02:30:21.072,21072,TICK,Up,0.8200,0.8400,0.8300,0.1700,0.1800,0.1750,,,
02:30:21.078,21078,TICK,Down,0.8200,0.8400,0.8300,0.1600,0.1800,0.1700,,,
02:30:21.082,21082,TICK,Up,0.8200,0.8400,0.8300,0.1600,0.1800,0.1700,,,
02:30:21.086,21087,TICK,Up,0.8300,0.8400,0.8350,0.1600,0.1800,0.1700,,,
02:30:21.095,21096,TICK,Down,0.8300,0.8400,0.8350,0.1600,0.1700,0.1650,,,
02:30:21.114,21114,TICK,Up,0.8300,0.8400,0.8350,0.1600,0.1700,0.1650,,,
02:30:21.122,21123,TICK,Up,0.8300,0.8500,0.8400,0.1600,0.1700,0.1650,,,
02:30:21.126,21126,TICK,Down,0.8300,0.8500,0.8400,0.1500,0.1700,0.1600,,,
02:30:21.129,21129,TICK,Up,0.8300,0.8500,0.8400,0.1500,0.1700,0.1600,,,
02:30:21.136,21137,TICK,Up,0.8400,0.8500,0.8450,0.1500,0.1700,0.1600,,,
02:30:21.149,21150,TICK,Down,0.8400,0.8500,0.8450,0.1500,0.1600,0.1550,,,
02:30:21.154,21155,TICK,Up,0.8400,0.8500,0.8450,0.1500,0.1600,0.1550,,,
02:30:21.160,21160,TICK,Up,0.8300,0.8500,0.8400,0.1500,0.1600,0.1550,,,
02:30:21.164,21164,TICK,Down,0.8300,0.8500,0.8400,0.1500,0.1700,0.1600,,,
02:30:21.174,21175,TICK,Down,0.8300,0.8500,0.8400,0.1500,0.1700,0.1600,,,
02:30:21.181,21181,TICK,Up,0.8200,0.8300,0.8250,0.1500,0.1700,0.1600,,,
02:30:21.185,21186,TICK,Down,0.8200,0.8300,0.8250,0.1700,0.1800,0.1750,,,
02:30:21.189,21189,TICK,Up,0.8200,0.8300,0.8250,0.1700,0.1800,0.1750,,,
02:30:21.521,21521,TICK,Up,0.8000,0.8300,0.8150,0.1700,0.1800,0.1750,,,
02:30:21.523,21523,TICK,Down,0.8000,0.8300,0.8150,0.1700,0.2000,0.1850,,,
02:30:21.524,21525,TICK,Down,0.8000,0.8300,0.8150,0.1700,0.2000,0.1850,,,
02:30:21.527,21528,TICK,Up,0.8000,0.8300,0.8150,0.1700,0.2000,0.1850,,,
02:30:21.530,21530,TICK,Down,0.8000,0.8300,0.8150,0.1700,0.2000,0.1850,,,
02:30:21.534,21534,TICK,Up,0.8000,0.8300,0.8150,0.1700,0.2000,0.1850,,,
02:30:22.189,22190,TICK,Up,0.8000,0.8100,0.8050,0.1700,0.2000,0.1850,,,
02:30:22.192,22193,TICK,Down,0.8000,0.8100,0.8050,0.1900,0.2000,0.1950,,,
02:30:22.197,22197,TICK,Up,0.8000,0.8100,0.8050,0.1900,0.2000,0.1950,,,
02:30:22.201,22202,TICK,Up,0.8000,0.8100,0.8050,0.1900,0.2000,0.1950,,,
02:30:22.204,22204,TICK,Down,0.8000,0.8100,0.8050,0.1900,0.2000,0.1950,,,
02:30:22.206,22207,TICK,Up,0.8000,0.8100,0.8050,0.1900,0.2000,0.1950,,,
02:30:22.210,22211,TICK,Down,0.8000,0.8100,0.8050,0.1900,0.2000,0.1950,,,
02:30:22.213,22213,TICK,Up,0.8000,0.8100,0.8050,0.1900,0.2000,0.1950,,,
02:30:22.215,22215,TICK,Down,0.8000,0.8100,0.8050,0.1900,0.2000,0.1950,,,
02:30:22.218,22218,TICK,Up,0.8000,0.8100,0.8050,0.1900,0.2000,0.1950,,,
02:30:22.221,22222,TICK,Up,0.8000,0.8100,0.8050,0.1900,0.2000,0.1950,,,
02:30:22.223,22224,TICK,Up,0.8000,0.8100,0.8050,0.1900,0.2000,0.1950,,,
02:30:22.405,22406,TICK,Up,0.8100,0.8200,0.8150,0.1900,0.2000,0.1950,,,
02:30:22.409,22410,TICK,Down,0.8100,0.8200,0.8150,0.1800,0.1900,0.1850,,,
02:30:22.544,22545,TICK,Down,0.8100,0.8200,0.8150,0.1800,0.1900,0.1850,,,
02:30:22.626,22627,TICK,Up,0.8100,0.8200,0.8150,0.1800,0.1900,0.1850,,,
02:30:22.652,22653,TICK,Up,0.8100,0.8200,0.8150,0.1800,0.1900,0.1850,,,
02:30:22.658,22658,TICK,Down,0.8100,0.8200,0.8150,0.1800,0.1900,0.1850,,,
02:30:22.771,22772,TICK,Up,0.7700,0.8200,0.7950,0.1800,0.1900,0.1850,,,
02:30:22.776,22777,TICK,Down,0.7700,0.8200,0.7950,0.1800,0.2300,0.2050,,,
02:30:22.796,22796,TICK,Down,0.7700,0.8200,0.7950,0.1800,0.2300,0.2050,,,
02:30:23.072,23072,TICK,Up,0.7600,0.8200,0.7900,0.1800,0.2300,0.2050,,,
02:30:23.077,23077,TICK,Down,0.7600,0.8200,0.7900,0.1800,0.2400,0.2100,,,
02:30:23.092,23093,TICK,Up,0.7600,0.8200,0.7900,0.1800,0.2400,0.2100,,,
02:30:23.434,23435,TICK,Up,0.8100,0.8300,0.8200,0.1800,0.2400,0.2100,,,
02:30:23.437,23437,TICK,Down,0.8100,0.8300,0.8200,0.1700,0.1900,0.1800,,,
02:30:23.740,23740,TICK,Up,0.8100,0.8300,0.8200,0.1700,0.1900,0.1800,,,
02:30:23.749,23749,TICK,Up,0.8100,0.8300,0.8200,0.1700,0.1900,0.1800,,,
02:30:23.754,23755,TICK,Down,0.8100,0.8300,0.8200,0.1700,0.1900,0.1800,,,
02:30:23.758,23759,TICK,Down,0.8100,0.8300,0.8200,0.1700,0.1900,0.1800,,,
02:30:23.762,23762,TICK,Up,0.8100,0.8200,0.8150,0.1700,0.1900,0.1800,,,
02:30:23.764,23765,TICK,Down,0.8100,0.8200,0.8150,0.1800,0.1900,0.1850,,,
02:30:23.768,23768,TICK,Up,0.8100,0.8200,0.8150,0.1800,0.1900,0.1850,,,
02:30:24.441,24441,TICK,Up,0.8100,0.8300,0.8200,0.1800,0.1900,0.1850,,,
02:30:24.446,24446,TICK,Down,0.8100,0.8300,0.8200,0.1700,0.1900,0.1800,,,
02:30:24.450,24450,TICK,Up,0.8100,0.8300,0.8200,0.1700,0.1900,0.1800,,,
02:30:24.717,24717,TICK,Up,0.8200,0.8300,0.8250,0.1700,0.1900,0.1800,,,
02:30:24.723,24723,TICK,Down,0.8200,0.8300,0.8250,0.1700,0.1800,0.1750,,,
02:30:24.727,24728,TICK,Up,0.8200,0.8300,0.8250,0.1700,0.1800,0.1750,,,
02:30:24.995,24996,TICK,Up,0.8200,0.8300,0.8250,0.1700,0.1800,0.1750,,,
02:30:24.998,24999,TICK,Down,0.8200,0.8300,0.8250,0.1700,0.1800,0.1750,,,
02:30:25.003,25004,TICK,Up,0.8200,0.8300,0.8250,0.1700,0.1800,0.1750,,,
02:30:25.491,25491,TICK,Up,0.8100,0.8200,0.8150,0.1700,0.1800,0.1750,,,
02:30:25.494,25494,TICK,Down,0.8100,0.8200,0.8150,0.1800,0.1900,0.1850,,,
02:30:25.496,25497,TICK,Up,0.8100,0.8200,0.8150,0.1800,0.1900,0.1850,,,
02:30:25.649,25649,TICK,Up,0.7800,0.7900,0.7850,0.1800,0.1900,0.1850,,,
02:30:25.651,25652,TICK,Down,0.7800,0.7900,0.7850,0.2100,0.2200,0.2150,,,
02:30:25.916,25916,TICK,Up,0.7800,0.7900,0.7850,0.2100,0.2200,0.2150,,,
02:30:26.034,26035,TICK,Up,0.7800,0.7900,0.7850,0.2100,0.2200,0.2150,,,
02:30:26.041,26041,TICK,Down,0.7800,0.7900,0.7850,0.2100,0.2200,0.2150,,,
02:30:26.068,26069,TICK,Up,0.7800,0.7900,0.7850,0.2100,0.2200,0.2150,,,
02:30:26.175,26176,TICK,Up,0.7700,0.7800,0.7750,0.2100,0.2200,0.2150,,,
02:30:26.179,26180,TICK,Down,0.7700,0.7800,0.7750,0.2200,0.2300,0.2250,,,
02:30:26.184,26185,TICK,Up,0.7700,0.7800,0.7750,0.2200,0.2300,0.2250,,,
02:30:27.908,27909,TICK,Up,0.7700,0.7800,0.7750,0.2200,0.2300,0.2250,,,
02:30:27.911,27912,TICK,Down,0.7700,0.7800,0.7750,0.2200,0.2300,0.2250,,,
02:30:27.914,27914,TICK,Up,0.7700,0.7800,0.7750,0.2200,0.2300,0.2250,,,
02:30:28.530,28531,TICK,Up,0.7400,0.7800,0.7600,0.2200,0.2300,0.2250,,,
02:30:28.535,28535,TICK,Down,0.7400,0.7800,0.7600,0.2200,0.2600,0.2400,,,
02:30:28.538,28538,TICK,Down,0.7400,0.7800,0.7600,0.2200,0.2600,0.2400,,,
02:30:28.547,28547,TICK,Up,0.7400,0.7500,0.7450,0.2200,0.2600,0.2400,,,
02:30:28.552,28552,TICK,Down,0.7400,0.7500,0.7450,0.2500,0.2600,0.2550,,,
02:30:28.556,28557,TICK,Down,0.7400,0.7500,0.7450,0.2500,0.2600,0.2550,,,
02:30:29.078,29078,TICK,Up,0.7400,0.7500,0.7450,0.2500,0.2600,0.2550,,,
02:30:29.083,29084,TICK,Down,0.7400,0.7500,0.7450,0.2500,0.2600,0.2550,,,
02:30:29.088,29088,TICK,Up,0.7300,0.7500,0.7400,0.2500,0.2600,0.2550,,,
02:30:29.091,29092,TICK,Down,0.7300,0.7500,0.7400,0.2500,0.2700,0.2600,,,
02:30:29.095,29095,TICK,Up,0.7300,0.7500,0.7400,0.2500,0.2700,0.2600,,,
02:30:29.098,29098,TICK,Down,0.7300,0.7500,0.7400,0.2500,0.2700,0.2600,,,
02:30:29.751,29752,TICK,Up,0.7400,0.7500,0.7450,0.2500,0.2700,0.2600,,,
02:30:29.757,29757,TICK,Down,0.7400,0.7500,0.7450,0.2500,0.2600,0.2550,,,
02:30:29.780,29780,TICK,Up,0.7400,0.7500,0.7450,0.2500,0.2600,0.2550,,,
02:30:32.144,32145,TICK,Up,0.7400,0.7500,0.7450,0.2500,0.2600,0.2550,,,
02:30:32.150,32150,TICK,Down,0.7400,0.7500,0.7450,0.2500,0.2600,0.2550,,,
02:30:32.166,32167,TICK,Up,0.7400,0.7500,0.7450,0.2500,0.2600,0.2550,,,
02:30:32.186,32186,TICK,Up,0.7400,0.7500,0.7450,0.2500,0.2600,0.2550,,,
02:30:32.189,32189,TICK,Down,0.7400,0.7500,0.7450,0.2500,0.2600,0.2550,,,
02:30:32.241,32242,TICK,Up,0.7400,0.7500,0.7450,0.2500,0.2600,0.2550,,,
02:30:32.901,32901,TICK,Up,0.7400,0.7900,0.7650,0.2500,0.2600,0.2550,,,
02:30:32.906,32907,TICK,Down,0.7400,0.7900,0.7650,0.2100,0.2600,0.2350,,,
02:30:32.913,32914,TICK,Up,0.7400,0.7900,0.7650,0.2100,0.2600,0.2350,,,
02:30:33.447,33448,TICK,Up,0.7400,0.7500,0.7450,0.2100,0.2600,0.2350,,,
02:30:33.451,33452,TICK,Down,0.7400,0.7500,0.7450,0.2500,0.2600,0.2550,,,
02:30:33.454,33455,TICK,Up,0.7400,0.7500,0.7450,0.2500,0.2600,0.2550,,,
02:30:33.721,33721,TICK,Up,0.7400,0.7500,0.7450,0.2500,0.2600,0.2550,,,
02:30:33.726,33727,TICK,Down,0.7400,0.7500,0.7450,0.2500,0.2600,0.2550,,,
02:30:34.057,34058,TICK,Up,0.7400,0.7500,0.7450,0.2500,0.2600,0.2550,,,
02:30:34.519,34520,TICK,Up,0.7400,0.7500,0.7450,0.2500,0.2600,0.2550,,,
02:30:34.523,34524,TICK,Down,0.7400,0.7500,0.7450,0.2500,0.2600,0.2550,,,
02:30:34.526,34527,TICK,Down,0.7400,0.7500,0.7450,0.2500,0.2600,0.2550,,,
02:30:35.054,35055,TICK,Up,0.7400,0.7500,0.7450,0.2500,0.2600,0.2550,,,
02:30:35.060,35061,TICK,Down,0.7400,0.7500,0.7450,0.2500,0.2600,0.2550,,,
02:30:35.070,35071,TICK,Up,0.7400,0.7500,0.7450,0.2500,0.2600,0.2550,,,
02:30:35.152,35152,TICK,Up,0.7400,0.7500,0.7450,0.2500,0.2600,0.2550,,,
02:30:35.162,35163,TICK,Down,0.7400,0.7500,0.7450,0.2500,0.2600,0.2550,,,
02:30:35.178,35179,TICK,Up,0.7400,0.7500,0.7450,0.2500,0.2600,0.2550,,,
02:30:35.645,35646,TICK,Up,0.7300,0.7400,0.7350,0.2500,0.2600,0.2550,,,
02:30:35.653,35653,TICK,Down,0.7300,0.7400,0.7350,0.2600,0.2700,0.2650,,,
02:30:35.657,35657,TICK,Up,0.7200,0.7400,0.7300,0.2600,0.2700,0.2650,,,
02:30:35.662,35663,TICK,Down,0.7200,0.7400,0.7300,0.2600,0.2800,0.2700,,,
02:30:35.668,35668,TICK,Down,0.7200,0.7400,0.7300,0.2600,0.2800,0.2700,,,
02:30:35.671,35671,TICK,Down,0.7200,0.7400,0.7300,0.2600,0.2800,0.2700,,,
02:30:35.763,35764,TICK,Up,0.7200,0.7300,0.7250,0.2600,0.2800,0.2700,,,
02:30:35.773,35774,TICK,Down,0.7200,0.7300,0.7250,0.2700,0.2800,0.2750,,,
02:30:35.779,35779,TICK,Up,0.7200,0.7300,0.7250,0.2700,0.2800,0.2750,,,
02:30:36.885,36885,TICK,Up,0.6800,0.7100,0.6950,0.2700,0.2800,0.2750,,,
02:30:36.891,36892,TICK,Down,0.6800,0.7100,0.6950,0.2900,0.3200,0.3050,,,
02:30:36.899,36900,TICK,Down,0.6800,0.7100,0.6950,0.2900,0.3200,0.3050,,,
02:30:36.905,36905,TICK,Up,0.6800,0.6900,0.6850,0.2900,0.3200,0.3050,,,
02:30:36.908,36908,TICK,Down,0.6800,0.6900,0.6850,0.3100,0.3200,0.3150,,,
02:30:36.911,36911,TICK,Up,0.6800,0.6900,0.6850,0.3100,0.3200,0.3150,,,
02:30:37.659,37660,TICK,Up,0.6700,0.6900,0.6800,0.3100,0.3200,0.3150,,,
02:30:37.663,37664,TICK,Down,0.6700,0.6900,0.6800,0.3100,0.3300,0.3200,,,
02:30:37.666,37667,TICK,Down,0.6700,0.6900,0.6800,0.3100,0.3300,0.3200,,,
02:30:37.671,37672,TICK,Up,0.6600,0.6800,0.6700,0.3100,0.3300,0.3200,,,
02:30:37.677,37678,TICK,Down,0.6600,0.6800,0.6700,0.3200,0.3400,0.3300,,,
02:30:37.684,37684,TICK,Down,0.6600,0.6800,0.6700,0.3200,0.3400,0.3300,,,
02:30:37.689,37689,TICK,Up,0.6600,0.6700,0.6650,0.3200,0.3400,0.3300,,,
02:30:37.695,37696,TICK,Down,0.6600,0.6700,0.6650,0.3300,0.3400,0.3350,,,
02:30:37.701,37701,TICK,Down,0.6600,0.6700,0.6650,0.3300,0.3400,0.3350,,,
02:30:37.706,37706,TICK,Up,0.6500,0.6700,0.6600,0.3300,0.3400,0.3350,,,
02:30:37.710,37710,TICK,Down,0.6500,0.6700,0.6600,0.3300,0.3500,0.3400,,,
02:30:37.714,37714,TICK,Down,0.6500,0.6700,0.6600,0.3300,0.3500,0.3400,,,
02:30:37.718,37718,TICK,Up,0.6500,0.6600,0.6550,0.3300,0.3500,0.3400,,,
02:30:37.723,37724,TICK,Down,0.6500,0.6600,0.6550,0.3400,0.3500,0.3450,,,
02:30:37.729,37729,TICK,Up,0.6500,0.6600,0.6550,0.3400,0.3500,0.3450,,,
02:30:38.890,38891,TICK,Up,0.6500,0.6600,0.6550,0.3400,0.3500,0.3450,,,
02:30:38.895,38895,TICK,Down,0.6500,0.6600,0.6550,0.3400,0.3500,0.3450,,,
02:30:38.899,38899,TICK,Up,0.6500,0.6600,0.6550,0.3400,0.3500,0.3450,,,
02:30:38.902,38903,TICK,Up,0.6500,0.6600,0.6550,0.3400,0.3500,0.3450,,,
02:30:38.907,38907,TICK,Down,0.6500,0.6600,0.6550,0.3400,0.3500,0.3450,,,
02:30:38.911,38912,TICK,Down,0.6500,0.6600,0.6550,0.3400,0.3500,0.3450,,,
02:30:38.915,38916,TICK,Down,0.6500,0.6600,0.6550,0.3400,0.3500,0.3450,,,
02:30:38.921,38922,TICK,Up,0.6400,0.6500,0.6450,0.3400,0.3500,0.3450,,,
02:30:38.925,38926,TICK,Down,0.6400,0.6500,0.6450,0.3500,0.3600,0.3550,,,
02:30:38.931,38931,TICK,Down,0.6400,0.6500,0.6450,0.3500,0.3600,0.3550,,,
02:30:38.936,38937,TICK,Up,0.6400,0.6500,0.6450,0.3500,0.3600,0.3550,,,
02:30:38.940,38940,TICK,Down,0.6400,0.6500,0.6450,0.3500,0.3600,0.3550,,,
02:30:38.943,38943,TICK,Up,0.6400,0.6500,0.6450,0.3500,0.3600,0.3550,,,
02:30:38.947,38948,TICK,Up,0.6400,0.6500,0.6450,0.3500,0.3600,0.3550,,,
02:30:38.953,38953,TICK,Down,0.6400,0.6500,0.6450,0.3500,0.3600,0.3550,,,
02:30:38.960,38961,TICK,Up,0.6400,0.6500,0.6450,0.3500,0.3600,0.3550,,,
02:30:38.966,38967,TICK,Up,0.6400,0.6500,0.6450,0.3500,0.3600,0.3550,,,
02:30:38.970,38971,TICK,Down,0.6400,0.6500,0.6450,0.3500,0.3600,0.3550,,,
02:30:38.975,38976,TICK,Up,0.6400,0.6500,0.6450,0.3500,0.3600,0.3550,,,
02:30:39.550,39551,TICK,Up,0.6400,0.6500,0.6450,0.3500,0.3600,0.3550,,,
02:30:39.554,39555,TICK,Down,0.6400,0.6500,0.6450,0.3500,0.3600,0.3550,,,
02:30:39.557,39558,TICK,Up,0.6400,0.6500,0.6450,0.3500,0.3600,0.3550,,,
02:30:39.561,39562,TICK,Up,0.6400,0.6500,0.6450,0.3500,0.3600,0.3550,,,
02:30:39.565,39565,TICK,Down,0.6400,0.6500,0.6450,0.3500,0.3600,0.3550,,,
02:30:39.568,39568,TICK,Up,0.6400,0.6500,0.6450,0.3500,0.3600,0.3550,,,
02:30:39.571,39571,TICK,Down,0.6400,0.6500,0.6450,0.3500,0.3600,0.3550,,,
02:30:39.574,39574,TICK,Up,0.6400,0.6500,0.6450,0.3500,0.3600,0.3550,,,
02:30:39.578,39579,TICK,Up,0.6400,0.6500,0.6450,0.3500,0.3600,0.3550,,,
02:30:39.586,39587,TICK,Up,0.6400,0.6500,0.6450,0.3500,0.3600,0.3550,,,
02:30:39.597,39597,TICK,Down,0.6400,0.6500,0.6450,0.3500,0.3600,0.3550,,,
02:30:39.602,39602,TICK,Up,0.6400,0.6500,0.6450,0.3500,0.3600,0.3550,,,
02:30:39.606,39607,TICK,Up,0.6400,0.6500,0.6450,0.3500,0.3600,0.3550,,,
02:30:39.610,39611,TICK,Down,0.6400,0.6500,0.6450,0.3500,0.3600,0.3550,,,
02:30:39.615,39616,TICK,Down,0.6400,0.6500,0.6450,0.3500,0.3600,0.3550,,,
02:30:39.876,39877,TICK,Up,0.6400,0.6500,0.6450,0.3500,0.3600,0.3550,,,
02:30:39.881,39882,TICK,Down,0.6400,0.6500,0.6450,0.3500,0.3600,0.3550,,,
02:30:39.888,39889,TICK,Up,0.6400,0.6500,0.6450,0.3500,0.3600,0.3550,,,
02:30:40.306,40306,TICK,Up,0.6400,0.6500,0.6450,0.3500,0.3600,0.3550,,,
02:30:40.309,40310,TICK,Down,0.6400,0.6500,0.6450,0.3500,0.3600,0.3550,,,
02:30:40.313,40314,TICK,Up,0.6400,0.6500,0.6450,0.3500,0.3600,0.3550,,,
02:30:40.406,40407,TICK,Up,0.6400,0.6500,0.6450,0.3500,0.3600,0.3550,,,
02:30:40.419,40419,TICK,Down,0.6400,0.6500,0.6450,0.3500,0.3600,0.3550,,,
02:30:40.425,40425,TICK,Down,0.6400,0.6500,0.6450,0.3500,0.3600,0.3550,,,
02:30:40.432,40432,TICK,Up,0.6400,0.6500,0.6450,0.3500,0.3600,0.3550,,,
02:30:40.438,40438,TICK,Down,0.6400,0.6500,0.6450,0.3500,0.3600,0.3550,,,
02:30:40.490,40490,TICK,Up,0.6400,0.6500,0.6450,0.3500,0.3600,0.3550,,,
02:30:40.493,40493,TICK,Up,0.6400,0.6500,0.6450,0.3500,0.3600,0.3550,,,
02:30:40.497,40498,TICK,Down,0.6400,0.6500,0.6450,0.3500,0.3600,0.3550,,,
02:30:40.500,40501,TICK,Down,0.6400,0.6500,0.6450,0.3500,0.3600,0.3550,,,
02:30:40.748,40749,TICK,Up,0.6400,0.6500,0.6450,0.3500,0.3600,0.3550,,,
02:30:40.753,40753,TICK,Down,0.6400,0.6500,0.6450,0.3500,0.3600,0.3550,,,
02:30:40.756,40757,TICK,Up,0.6400,0.6500,0.6450,0.3500,0.3600,0.3550,,,
02:30:40.762,40763,TICK,Up,0.6300,0.6500,0.6400,0.3500,0.3600,0.3550,,,
02:30:40.770,40771,TICK,Down,0.6300,0.6500,0.6400,0.3500,0.3700,0.3600,,,
02:30:40.777,40777,TICK,Down,0.6300,0.6500,0.6400,0.3500,0.3700,0.3600,,,
02:30:40.780,40781,TICK,Up,0.6200,0.6400,0.6300,0.3500,0.3700,0.3600,,,
02:30:40.784,40784,TICK,Down,0.6200,0.6400,0.6300,0.3600,0.3800,0.3700,,,
02:30:40.787,40787,TICK,Down,0.6200,0.6400,0.6300,0.3600,0.3800,0.3700,,,
02:30:40.959,40959,TICK,Up,0.6200,0.6300,0.6250,0.3600,0.3800,0.3700,,,
02:30:40.961,40962,TICK,Down,0.6200,0.6300,0.6250,0.3700,0.3800,0.3750,,,
02:30:40.964,40964,TICK,Up,0.6200,0.6300,0.6250,0.3700,0.3800,0.3750,,,
02:30:40.970,40970,TICK,Up,0.6200,0.6300,0.6250,0.3700,0.3800,0.3750,,,
02:30:40.974,40974,TICK,Down,0.6200,0.6300,0.6250,0.3700,0.3800,0.3750,,,
02:30:40.976,40977,TICK,Up,0.6200,0.6300,0.6250,0.3700,0.3800,0.3750,,,
02:30:40.979,40979,TICK,Up,0.6200,0.6300,0.6250,0.3700,0.3800,0.3750,,,
02:30:40.981,40982,TICK,Down,0.6200,0.6300,0.6250,0.3700,0.3800,0.3750,,,
02:30:41.032,41032,TICK,Down,0.6200,0.6300,0.6250,0.3700,0.3800,0.3750,,,
02:30:41.459,41459,TICK,Up,0.6200,0.6300,0.6250,0.3700,0.3800,0.3750,,,
02:30:41.464,41464,TICK,Down,0.6200,0.6300,0.6250,0.3700,0.3800,0.3750,,,
02:30:41.468,41468,TICK,Up,0.6200,0.6300,0.6250,0.3700,0.3800,0.3750,,,
02:30:41.722,41722,TICK,Up,0.6200,0.6300,0.6250,0.3700,0.3800,0.3750,,,
02:30:41.730,41731,TICK,Down,0.6200,0.6300,0.6250,0.3700,0.3800,0.3750,,,
02:30:41.752,41752,TICK,Up,0.6200,0.6300,0.6250,0.3700,0.3800,0.3750,,,
02:30:41.954,41955,TICK,Up,0.6200,0.6300,0.6250,0.3700,0.3800,0.3750,,,
02:30:41.957,41957,TICK,Down,0.6200,0.6300,0.6250,0.3700,0.3800,0.3750,,,
02:30:41.983,41983,TICK,Down,0.6200,0.6300,0.6250,0.3700,0.3800,0.3750,,,
02:30:43.311,43311,TICK,Up,0.6200,0.6300,0.6250,0.3700,0.3800,0.3750,,,
02:30:43.317,43318,TICK,Down,0.6200,0.6300,0.6250,0.3700,0.3800,0.3750,,,
02:30:43.382,43383,TICK,Down,0.6200,0.6300,0.6250,0.3700,0.3800,0.3750,,,
02:30:43.732,43733,TICK,Up,0.6200,0.6300,0.6250,0.3700,0.3800,0.3750,,,
02:30:43.736,43736,TICK,Down,0.6200,0.6300,0.6250,0.3700,0.3800,0.3750,,,
02:30:43.745,43745,TICK,Up,0.6200,0.6300,0.6250,0.3700,0.3800,0.3750,,,
02:30:43.837,43838,TICK,Up,0.6200,0.6300,0.6250,0.3700,0.3800,0.3750,,,
02:30:43.842,43842,TICK,Down,0.6200,0.6300,0.6250,0.3700,0.3800,0.3750,,,
02:30:43.873,43873,TICK,Up,0.6200,0.6300,0.6250,0.3700,0.3800,0.3750,,,
02:30:43.910,43910,TICK,Up,0.6200,0.6300,0.6250,0.3700,0.3800,0.3750,,,
02:30:43.913,43914,TICK,Down,0.6200,0.6300,0.6250,0.3700,0.3800,0.3750,,,
02:30:43.916,43917,TICK,Up,0.6200,0.6300,0.6250,0.3700,0.3800,0.3750,,,
02:30:44.031,44031,TICK,Up,0.6200,0.6300,0.6250,0.3700,0.3800,0.3750,,,
02:30:44.039,44039,TICK,Down,0.6200,0.6300,0.6250,0.3700,0.3800,0.3750,,,
02:30:44.074,44075,TICK,Up,0.6200,0.6300,0.6250,0.3700,0.3800,0.3750,,,
02:30:44.212,44213,TICK,Up,0.6200,0.6300,0.6250,0.3700,0.3800,0.3750,,,
02:30:44.224,44224,TICK,Down,0.6200,0.6300,0.6250,0.3700,0.3800,0.3750,,,
02:30:44.237,44238,TICK,Up,0.6200,0.6300,0.6250,0.3700,0.3800,0.3750,,,
02:30:44.345,44345,TICK,Up,0.6200,0.6300,0.6250,0.3700,0.3800,0.3750,,,
02:30:44.350,44351,TICK,Down,0.6200,0.6300,0.6250,0.3700,0.3800,0.3750,,,
02:30:44.358,44359,TICK,Down,0.6200,0.6300,0.6250,0.3700,0.3800,0.3750,,,
02:30:44.619,44620,TICK,Up,0.6200,0.6300,0.6250,0.3700,0.3800,0.3750,,,
02:30:44.623,44623,TICK,Down,0.6200,0.6300,0.6250,0.3700,0.3800,0.3750,,,
02:30:44.630,44631,TICK,Up,0.6200,0.6300,0.6250,0.3700,0.3800,0.3750,,,
02:30:44.832,44832,TICK,Up,0.6200,0.6300,0.6250,0.3700,0.3800,0.3750,,,
02:30:44.836,44837,TICK,Down,0.6200,0.6300,0.6250,0.3700,0.3800,0.3750,,,
02:30:44.849,44849,TICK,Down,0.6200,0.6300,0.6250,0.3700,0.3800,0.3750,,,
02:30:44.961,44962,TICK,Up,0.6200,0.6300,0.6250,0.3700,0.3800,0.3750,,,
02:30:44.970,44971,TICK,Down,0.6200,0.6300,0.6250,0.3700,0.3800,0.3750,,,
02:30:44.994,44995,TICK,Up,0.6200,0.6300,0.6250,0.3700,0.3800,0.3750,,,
02:30:45.026,45027,TICK,Up,0.6200,0.6300,0.6250,0.3700,0.3800,0.3750,,,
02:30:45.032,45032,TICK,Down,0.6200,0.6300,0.6250,0.3700,0.3800,0.3750,,,
02:30:45.037,45037,TICK,Down,0.6200,0.6300,0.6250,0.3700,0.3800,0.3750,,,
02:30:45.303,45304,TICK,Up,0.6200,0.6300,0.6250,0.3700,0.3800,0.3750,,,
02:30:45.307,45308,TICK,Down,0.6200,0.6300,0.6250,0.3700,0.3800,0.3750,,,
02:30:45.311,45311,TICK,Up,0.6200,0.6300,0.6250,0.3700,0.3800,0.3750,,,
02:30:45.760,45760,TICK,Up,0.6200,0.6300,0.6250,0.3700,0.3800,0.3750,,,
02:30:45.766,45766,TICK,Down,0.6200,0.6300,0.6250,0.3700,0.3800,0.3750,,,
02:30:45.801,45801,TICK,Up,0.6200,0.6300,0.6250,0.3700,0.3800,0.3750,,,
02:30:45.959,45959,TICK,Up,0.6200,0.6300,0.6250,0.3700,0.3800,0.3750,,,
02:30:45.963,45963,TICK,Down,0.6200,0.6300,0.6250,0.3700,0.3800,0.3750,,,
02:30:45.967,45968,TICK,Up,0.6200,0.6300,0.6250,0.3700,0.3800,0.3750,,,
02:30:46.000,46000,TICK,Up,0.6200,0.6300,0.6250,0.3700,0.3800,0.3750,,,
02:30:46.004,46005,TICK,Down,0.6200,0.6300,0.6250,0.3700,0.3800,0.3750,,,
02:30:46.044,46044,TICK,Up,0.6200,0.6300,0.6250,0.3700,0.3800,0.3750,,,
02:30:46.243,46243,TICK,Up,0.6200,0.6300,0.6250,0.3700,0.3800,0.3750,,,
02:30:46.254,46255,TICK,Down,0.6200,0.6300,0.6250,0.3700,0.3800,0.3750,,,
02:30:46.301,46301,TICK,Up,0.6200,0.6300,0.6250,0.3700,0.3800,0.3750,,,
02:30:46.364,46364,TICK,Up,0.6200,0.6300,0.6250,0.3700,0.3800,0.3750,,,
02:30:46.370,46370,TICK,Down,0.6200,0.6300,0.6250,0.3700,0.3800,0.3750,,,
02:30:46.377,46377,TICK,Up,0.6200,0.6300,0.6250,0.3700,0.3800,0.3750,,,
02:30:47.192,47192,TICK,Up,0.6100,0.6200,0.6150,0.3700,0.3800,0.3750,,,
02:30:47.201,47201,TICK,Down,0.6100,0.6200,0.6150,0.3800,0.3900,0.3850,,,
02:30:47.226,47227,TICK,Up,0.6100,0.6200,0.6150,0.3800,0.3900,0.3850,,,
02:30:47.368,47369,TICK,Up,0.6100,0.6200,0.6150,0.3800,0.3900,0.3850,,,
02:30:47.372,47372,TICK,Down,0.6100,0.6200,0.6150,0.3800,0.3900,0.3850,,,
02:30:47.375,47375,TICK,Up,0.5900,0.6200,0.6050,0.3800,0.3900,0.3850,,,
02:30:47.379,47379,TICK,Down,0.5900,0.6200,0.6050,0.3800,0.4100,0.3950,,,
02:30:47.384,47384,TICK,Down,0.5900,0.6200,0.6050,0.3800,0.4100,0.3950,,,
02:30:47.397,47397,TICK,Down,0.5900,0.6200,0.6050,0.3800,0.4100,0.3950,,,
02:30:47.617,47618,TICK,Up,0.6000,0.6100,0.6050,0.3800,0.4100,0.3950,,,
02:30:47.623,47623,TICK,Down,0.6000,0.6100,0.6050,0.3900,0.4000,0.3950,,,
02:30:47.631,47632,TICK,Up,0.6000,0.6100,0.6050,0.3900,0.4000,0.3950,,,
02:30:47.797,47797,TICK,Up,0.6000,0.6100,0.6050,0.3900,0.4000,0.3950,,,
02:30:47.801,47801,TICK,Down,0.6000,0.6100,0.6050,0.3900,0.4000,0.3950,,,
02:30:47.805,47805,TICK,Up,0.6000,0.6100,0.6050,0.3900,0.4000,0.3950,,,
02:30:47.808,47809,TICK,Down,0.6000,0.6100,0.6050,0.3900,0.4000,0.3950,,,
02:30:47.814,47814,TICK,Up,0.6000,0.6100,0.6050,0.3900,0.4000,0.3950,,,
02:30:47.819,47819,TICK,Up,0.6000,0.6100,0.6050,0.3900,0.4000,0.3950,,,
02:30:47.825,47825,TICK,Down,0.6000,0.6100,0.6050,0.3900,0.4000,0.3950,,,
02:30:47.829,47829,TICK,Up,0.6000,0.6100,0.6050,0.3900,0.4000,0.3950,,,
02:30:47.835,47835,TICK,Up,0.6000,0.6100,0.6050,0.3900,0.4000,0.3950,,,
02:30:47.838,47839,TICK,Up,0.6000,0.6100,0.6050,0.3900,0.4000,0.3950,,,
02:30:47.931,47931,TICK,Down,0.6000,0.6100,0.6050,0.3900,0.4000,0.3950,,,
02:30:47.941,47941,TICK,Up,0.6000,0.6100,0.6050,0.3900,0.4000,0.3950,,,
02:30:48.132,48133,TICK,Up,0.6000,0.6100,0.6050,0.3900,0.4000,0.3950,,,
02:30:48.138,48139,TICK,Down,0.6000,0.6100,0.6050,0.3900,0.4000,0.3950,,,
02:30:48.143,48143,TICK,Up,0.6000,0.6100,0.6050,0.3900,0.4000,0.3950,,,
02:30:48.400,48400,TICK,Up,0.6000,0.6100,0.6050,0.3900,0.4000,0.3950,,,
02:30:48.404,48405,TICK,Down,0.6000,0.6100,0.6050,0.3900,0.4000,0.3950,,,
02:30:48.408,48408,TICK,Up,0.6000,0.6100,0.6050,0.3900,0.4000,0.3950,,,
02:30:48.518,48518,TICK,Up,0.5900,0.6100,0.6000,0.3900,0.4000,0.3950,,,
02:30:48.523,48523,TICK,Down,0.5900,0.6100,0.6000,0.3900,0.4100,0.4000,,,
02:30:48.551,48551,TICK,Down,0.5900,0.6100,0.6000,0.3900,0.4100,0.4000,,,
02:30:48.668,48668,TICK,Up,0.5900,0.6100,0.6000,0.3900,0.4100,0.4000,,,
02:30:48.673,48673,TICK,Down,0.5900,0.6100,0.6000,0.3900,0.4100,0.4000,,,
02:30:48.724,48724,TICK,Up,0.5900,0.6100,0.6000,0.3900,0.4100,0.4000,,,
02:30:48.980,48981,TICK,Up,0.5900,0.6000,0.5950,0.3900,0.4100,0.4000,,,
02:30:48.984,48985,TICK,Down,0.5900,0.6000,0.5950,0.4000,0.4100,0.4050,,,
02:30:48.997,48998,TICK,Up,0.5900,0.6000,0.5950,0.4000,0.4100,0.4050,,,
02:30:49.647,49647,TICK,Up,0.5900,0.6000,0.5950,0.4000,0.4100,0.4050,,,
02:30:49.658,49658,TICK,Down,0.5900,0.6000,0.5950,0.4000,0.4100,0.4050,,,
02:30:49.665,49665,TICK,Up,0.5900,0.6000,0.5950,0.4000,0.4100,0.4050,,,
02:30:49.863,49863,TICK,Up,0.5900,0.6000,0.5950,0.4000,0.4100,0.4050,,,
02:30:49.873,49873,TICK,Down,0.5900,0.6000,0.5950,0.4000,0.4100,0.4050,,,
02:30:49.879,49880,TICK,Up,0.5900,0.6000,0.5950,0.4000,0.4100,0.4050,,,
02:30:50.084,50084,TICK,Up,0.5900,0.6000,0.5950,0.4000,0.4100,0.4050,,,
02:30:50.094,50095,TICK,Down,0.5900,0.6000,0.5950,0.4000,0.4100,0.4050,,,
02:30:50.102,50103,TICK,Down,0.5900,0.6000,0.5950,0.4000,0.4100,0.4050,,,
02:30:50.107,50107,TICK,Up,0.5800,0.6000,0.5900,0.4000,0.4100,0.4050,,,
02:30:50.113,50113,TICK,Down,0.5800,0.6000,0.5900,0.4000,0.4200,0.4100,,,
02:30:50.117,50117,TICK,Down,0.5800,0.6000,0.5900,0.4000,0.4200,0.4100,,,
02:30:50.320,50320,TICK,Up,0.5600,0.5800,0.5700,0.4000,0.4200,0.4100,,,
02:30:50.326,50326,TICK,Down,0.5600,0.5800,0.5700,0.4200,0.4400,0.4300,,,
02:30:50.329,50330,TICK,Down,0.5600,0.5800,0.5700,0.4200,0.4400,0.4300,,,
02:30:50.334,50334,TICK,Up,0.5600,0.5800,0.5700,0.4200,0.4400,0.4300,,,
02:30:50.338,50338,TICK,Down,0.5600,0.5800,0.5700,0.4200,0.4400,0.4300,,,
02:30:50.343,50344,TICK,Down,0.5600,0.5800,0.5700,0.4200,0.4400,0.4300,,,
02:30:50.634,50634,TICK,Up,0.5600,0.5700,0.5650,0.4200,0.4400,0.4300,,,
02:30:50.639,50639,TICK,Down,0.5600,0.5700,0.5650,0.4300,0.4400,0.4350,,,
02:30:50.645,50646,TICK,Down,0.5600,0.5700,0.5650,0.4300,0.4400,0.4350,,,
02:30:51.188,51189,TICK,Up,0.5500,0.5600,0.5550,0.4300,0.4400,0.4350,,,
02:30:51.194,51194,TICK,Down,0.5500,0.5600,0.5550,0.4400,0.4500,0.4450,,,
02:30:51.230,51231,TICK,Up,0.5500,0.5600,0.5550,0.4400,0.4500,0.4450,,,
02:30:51.236,51236,TICK,Up,0.5500,0.5600,0.5550,0.4400,0.4500,0.4450,,,
02:30:51.239,51239,TICK,Down,0.5500,0.5600,0.5550,0.4400,0.4500,0.4450,,,
02:30:51.244,51244,TICK,Down,0.5500,0.5600,0.5550,0.4400,0.4500,0.4450,,,
02:30:51.422,51422,TICK,Up,0.5500,0.5600,0.5550,0.4400,0.4500,0.4450,,,
02:30:51.425,51426,TICK,Down,0.5500,0.5600,0.5550,0.4400,0.4500,0.4450,,,
02:30:51.437,51437,TICK,Up,0.5500,0.5600,0.5550,0.4400,0.4500,0.4450,,,
02:30:51.506,51507,TICK,Up,0.5400,0.5600,0.5500,0.4400,0.4500,0.4450,,,
02:30:51.511,51511,TICK,Down,0.5400,0.5600,0.5500,0.4400,0.4600,0.4500,,,
02:30:51.538,51538,TICK,Down,0.5400,0.5600,0.5500,0.4400,0.4600,0.4500,,,
02:30:52.361,52362,TICK,Up,0.5400,0.5500,0.5450,0.4400,0.4600,0.4500,,,
02:30:52.365,52365,TICK,Down,0.5400,0.5500,0.5450,0.4500,0.4600,0.4550,,,
02:30:52.368,52368,TICK,Up,0.5400,0.5500,0.5450,0.4500,0.4600,0.4550,,,
02:30:52.372,52373,TICK,Up,0.5400,0.5500,0.5450,0.4500,0.4600,0.4550,,,
02:30:52.375,52376,TICK,Down,0.5400,0.5500,0.5450,0.4500,0.4600,0.4550,,,
02:30:52.381,52381,TICK,Up,0.5400,0.5500,0.5450,0.4500,0.4600,0.4550,,,
02:30:52.629,52630,TICK,Up,0.5400,0.5500,0.5450,0.4500,0.4600,0.4550,,,
02:30:52.636,52636,TICK,Down,0.5400,0.5500,0.5450,0.4500,0.4600,0.4550,,,
02:30:52.679,52680,TICK,Down,0.5400,0.5500,0.5450,0.4500,0.4600,0.4550,,,
02:30:53.088,53089,TICK,Up,0.5300,0.5500,0.5400,0.4500,0.4600,0.4550,,,
02:30:53.092,53093,TICK,Down,0.5300,0.5500,0.5400,0.4500,0.4700,0.4600,,,
02:30:53.104,53105,TICK,Down,0.5300,0.5500,0.5400,0.4500,0.4700,0.4600,,,
02:30:53.109,53109,TICK,Up,0.5300,0.5500,0.5400,0.4500,0.4700,0.4600,,,
02:30:53.117,53117,TICK,Down,0.5300,0.5500,0.5400,0.4500,0.4700,0.4600,,,
02:30:53.123,53123,TICK,Down,0.5300,0.5500,0.5400,0.4500,0.4700,0.4600,,,
02:30:54.338,54339,TICK,Up,0.5300,0.5400,0.5350,0.4500,0.4700,0.4600,,,
02:30:54.341,54342,TICK,Down,0.5300,0.5400,0.5350,0.4600,0.4700,0.4650,,,
02:30:54.344,54345,TICK,Up,0.5300,0.5400,0.5350,0.4600,0.4700,0.4650,,,
02:30:54.557,54557,TICK,Up,0.5200,0.5300,0.5250,0.4600,0.4700,0.4650,,,
02:30:54.559,54560,TICK,Down,0.5200,0.5300,0.5250,0.4700,0.4800,0.4750,,,
02:30:54.561,54562,TICK,Down,0.5200,0.5300,0.5250,0.4700,0.4800,0.4750,,,
02:30:55.560,55560,TICK,Up,0.5100,0.5300,0.5200,0.4700,0.4800,0.4750,,,
02:30:55.563,55564,TICK,Down,0.5100,0.5300,0.5200,0.4700,0.4900,0.4800,,,
02:30:55.565,55566,TICK,Down,0.5100,0.5300,0.5200,0.4700,0.4900,0.4800,,,
02:30:56.394,56394,TICK,Up,0.5000,0.5200,0.5100,0.4700,0.4900,0.4800,,,
02:30:56.397,56397,TICK,Down,0.5000,0.5200,0.5100,0.4800,0.5000,0.4900,,,
02:30:56.428,56429,TICK,Down,0.5000,0.5200,0.5100,0.4800,0.5000,0.4900,,,
02:30:56.465,56466,TICK,Up,0.5000,0.5200,0.5100,0.4800,0.5000,0.4900,,,
02:30:56.473,56473,TICK,Down,0.5000,0.5200,0.5100,0.4800,0.5000,0.4900,,,
02:30:56.490,56491,TICK,Down,0.5000,0.5200,0.5100,0.4800,0.5000,0.4900,,,
02:30:57.535,57535,TICK,Up,0.4800,0.4900,0.4850,0.4800,0.5000,0.4900,,,
02:30:57.539,57540,TICK,Down,0.4800,0.4900,0.4850,0.5100,0.5200,0.5150,,,
02:30:57.545,57545,TICK,Down,0.4800,0.4900,0.4850,0.5100,0.5200,0.5150,,,
02:30:57.549,57550,TICK,Up,0.4800,0.4900,0.4850,0.5100,0.5200,0.5150,,,
02:30:57.552,57552,TICK,Down,0.4800,0.4900,0.4850,0.5100,0.5200,0.5150,,,
02:30:57.554,57554,TICK,Up,0.4800,0.4900,0.4850,0.5100,0.5200,0.5150,,,
02:30:57.559,57560,TICK,Up,0.4800,0.4900,0.4850,0.5100,0.5200,0.5150,,,
02:30:57.564,57565,TICK,Down,0.4800,0.4900,0.4850,0.5100,0.5200,0.5150,,,
02:30:57.568,57568,TICK,Down,0.4800,0.4900,0.4850,0.5100,0.5200,0.5150,,,
02:30:57.885,57885,TICK,Up,0.4800,0.4900,0.4850,0.5100,0.5200,0.5150,,,
02:30:57.894,57895,TICK,Down,0.4800,0.4900,0.4850,0.5100,0.5200,0.5150,,,
02:30:57.898,57898,TICK,Down,0.4800,0.4900,0.4850,0.5100,0.5200,0.5150,,,
02:30:58.635,58636,TICK,Up,0.4700,0.4900,0.4800,0.5100,0.5200,0.5150,,,
02:30:58.642,58642,TICK,Down,0.4700,0.4900,0.4800,0.5100,0.5300,0.5200,,,
02:30:58.650,58650,TICK,Down,0.4700,0.4900,0.4800,0.5100,0.5300,0.5200,,,
02:30:58.821,58822,TICK,Up,0.4700,0.4800,0.4750,0.5100,0.5300,0.5200,,,
02:30:58.825,58826,TICK,Down,0.4700,0.4800,0.4750,0.5200,0.5300,0.5250,,,
02:30:58.828,58829,TICK,Up,0.4700,0.4800,0.4750,0.5200,0.5300,0.5250,,,
02:30:58.832,58832,TICK,Down,0.4700,0.4800,0.4750,0.5200,0.5300,0.5250,,,
02:30:58.835,58835,TICK,Down,0.4700,0.4800,0.4750,0.5200,0.5300,0.5250,,,
02:30:58.838,58838,TICK,Up,0.4700,0.4800,0.4750,0.5200,0.5300,0.5250,,,
02:30:59.309,59310,TICK,Up,0.4700,0.4800,0.4750,0.5200,0.5300,0.5250,,,
02:30:59.312,59312,TICK,Down,0.4700,0.4800,0.4750,0.5200,0.5300,0.5250,,,
02:30:59.314,59315,TICK,Up,0.4700,0.4800,0.4750,0.5200,0.5300,0.5250,,,
02:30:59.317,59317,TICK,Down,0.4700,0.4800,0.4750,0.5200,0.5300,0.5250,,,
02:30:59.324,59324,TICK,Up,0.4700,0.4800,0.4750,0.5200,0.5300,0.5250,,,
02:30:59.393,59394,TICK,Up,0.4700,0.4800,0.4750,0.5200,0.5300,0.5250,,,
02:30:59.484,59484,TICK,Up,0.4600,0.4800,0.4700,0.5200,0.5300,0.5250,,,
02:30:59.487,59488,TICK,Down,0.4600,0.4800,0.4700,0.5200,0.5400,0.5300,,,
02:30:59.491,59492,TICK,Down,0.4600,0.4800,0.4700,0.5200,0.5400,0.5300,,,
02:31:00.399,60400,TICK,Up,0.4500,0.4600,0.4550,0.5200,0.5400,0.5300,,,
02:31:00.408,60408,TICK,Down,0.4500,0.4600,0.4550,0.5400,0.5500,0.5450,,,
02:31:00.416,60417,TICK,Up,0.4100,0.4600,0.4350,0.5400,0.5500,0.5450,,,
02:31:00.424,60424,TICK,Down,0.4100,0.4600,0.4350,0.5400,0.5900,0.5650,,,
02:31:00.430,60430,TICK,Down,0.4100,0.4600,0.4350,0.5400,0.5900,0.5650,,,
02:31:00.434,60434,TICK,Down,0.4100,0.4600,0.4350,0.5400,0.5900,0.5650,,,
02:31:00.517,60517,ENTRY_DRY,Down,,,,,,,0.42,0.41,-0.036
02:31:01.508,61508,TICK,Up,0.4000,0.4100,0.4050,0.5400,0.5900,0.5650,,,
02:31:01.515,61515,TICK,Down,0.4000,0.4100,0.4050,0.5900,0.6000,0.5950,,,
02:31:01.520,61520,TICK,Up,0.3900,0.4100,0.4000,0.5900,0.6000,0.5950,,,
02:31:01.523,61524,TICK,Down,0.3900,0.4100,0.4000,0.5900,0.6100,0.6000,,,
02:31:01.531,61532,TICK,Down,0.3900,0.4100,0.4000,0.5900,0.6100,0.6000,,,
02:31:01.535,61535,TICK,Down,0.3900,0.4100,0.4000,0.5900,0.6100,0.6000,,,
02:31:01.538,61539,TICK,Up,0.3800,0.4100,0.3950,0.5900,0.6100,0.6000,,,
02:31:01.542,61542,TICK,Down,0.3800,0.4100,0.3950,0.5900,0.6200,0.6050,,,
02:31:01.546,61546,TICK,Down,0.3800,0.4100,0.3950,0.5900,0.6200,0.6050,,,
02:31:01.550,61550,TICK,Down,0.3800,0.4100,0.3950,0.5900,0.6200,0.6050,,,
02:31:01.555,61556,TICK,Up,0.3700,0.3900,0.3800,0.5900,0.6200,0.6050,,,
02:31:01.566,61567,TICK,Down,0.3700,0.3900,0.3800,0.6100,0.6300,0.6200,,,
02:31:02.170,62171,TICK,Up,0.3700,0.3800,0.3750,0.6100,0.6300,0.6200,,,
02:31:02.174,62175,TICK,Down,0.3700,0.3800,0.3750,0.6200,0.6300,0.6250,,,
02:31:02.177,62177,TICK,Up,0.3700,0.3800,0.3750,0.6200,0.6300,0.6250,,,
02:31:02.179,62180,TICK,Down,0.3700,0.3800,0.3750,0.6200,0.6300,0.6250,,,
02:31:02.182,62183,TICK,Down,0.3700,0.3800,0.3750,0.6200,0.6300,0.6250,,,
02:31:02.185,62185,TICK,Up,0.3700,0.3800,0.3750,0.6200,0.6300,0.6250,,,
02:31:02.188,62189,TICK,Up,0.3700,0.3800,0.3750,0.6200,0.6300,0.6250,,,
02:31:02.193,62193,TICK,Down,0.3700,0.3800,0.3750,0.6200,0.6300,0.6250,,,
02:31:02.196,62196,TICK,Down,0.3700,0.3800,0.3750,0.6200,0.6300,0.6250,,,
02:31:02.201,62202,TICK,Up,0.3600,0.3800,0.3700,0.6200,0.6300,0.6250,,,
02:31:02.204,62205,TICK,Down,0.3600,0.3800,0.3700,0.6200,0.6400,0.6300,,,
02:31:02.208,62208,TICK,Down,0.3600,0.3800,0.3700,0.6200,0.6400,0.6300,,,
02:31:02.214,62214,TICK,Up,0.3500,0.3800,0.3650,0.6200,0.6400,0.6300,,,
02:31:02.218,62218,TICK,Down,0.3500,0.3800,0.3650,0.6200,0.6500,0.6350,,,
02:31:02.221,62222,TICK,Down,0.3500,0.3800,0.3650,0.6200,0.6500,0.6350,,,
02:31:02.224,62225,TICK,Up,0.3500,0.3800,0.3650,0.6200,0.6500,0.6350,,,
02:31:02.228,62229,TICK,Down,0.3500,0.3800,0.3650,0.6200,0.6500,0.6350,,,
02:31:02.232,62232,TICK,Up,0.3500,0.3800,0.3650,0.6200,0.6500,0.6350,,,
02:31:02.237,62238,TICK,Down,0.3500,0.3800,0.3650,0.6200,0.6500,0.6350,,,
02:31:02.241,62242,TICK,Up,0.3500,0.3800,0.3650,0.6200,0.6500,0.6350,,,
02:31:02.243,62244,TICK,Up,0.3500,0.3800,0.3650,0.6200,0.6500,0.6350,,,
02:31:02.249,62249,TICK,Up,0.3500,0.3700,0.3600,0.6200,0.6500,0.6350,,,
02:31:02.253,62253,TICK,Down,0.3500,0.3700,0.3600,0.6300,0.6500,0.6400,,,
02:31:02.257,62258,TICK,Up,0.3500,0.3700,0.3600,0.6300,0.6500,0.6400,,,
02:31:02.260,62261,TICK,Down,0.3500,0.3700,0.3600,0.6300,0.6500,0.6400,,,
02:31:02.264,62265,TICK,Up,0.3500,0.3700,0.3600,0.6300,0.6500,0.6400,,,
02:31:02.267,62267,TICK,Up,0.3500,0.3700,0.3600,0.6300,0.6500,0.6400,,,
02:31:42.527,102527,TICK,Up,0.3200,0.3600,0.3400,0.6300,0.6500,0.6400,,,
02:31:42.539,102539,TICK,Down,0.3200,0.3600,0.3400,0.6400,0.6800,0.6600,,,
02:31:42.543,102544,TICK,Down,0.3200,0.3600,0.3400,0.6400,0.6800,0.6600,,,
02:31:51.049,111050,TICK,Up,0.3400,0.3500,0.3450,0.6400,0.6800,0.6600,,,
02:31:51.054,111054,TICK,Down,0.3400,0.3500,0.3450,0.6500,0.6600,0.6550,,,
02:31:51.059,111060,TICK,Up,0.3400,0.3500,0.3450,0.6500,0.6600,0.6550,,,
02:31:51.063,111064,TICK,Down,0.3400,0.3500,0.3450,0.6500,0.6600,0.6550,,,
02:31:51.066,111067,TICK,Down,0.3400,0.3500,0.3450,0.6500,0.6600,0.6550,,,
02:31:51.070,111070,TICK,Down,0.3400,0.3500,0.3450,0.6500,0.6600,0.6550,,,
02:31:51.074,111075,TICK,Up,0.3400,0.3600,0.3500,0.6500,0.6600,0.6550,,,
02:31:51.079,111080,TICK,Down,0.3400,0.3600,0.3500,0.6400,0.6600,0.6500,,,
02:31:51.084,111084,TICK,Down,0.3400,0.3600,0.3500,0.6400,0.6600,0.6500,,,
02:31:51.087,111088,TICK,Up,0.3400,0.3600,0.3500,0.6400,0.6600,0.6500,,,
02:31:51.090,111091,TICK,Down,0.3400,0.3600,0.3500,0.6400,0.6600,0.6500,,,
02:31:51.093,111094,TICK,Up,0.3400,0.3600,0.3500,0.6400,0.6600,0.6500,,,
02:31:51.097,111098,TICK,Up,0.3400,0.3600,0.3500,0.6400,0.6600,0.6500,,,
02:31:51.100,111100,TICK,Down,0.3400,0.3600,0.3500,0.6400,0.6600,0.6500,,,
02:31:51.103,111103,TICK,Down,0.3400,0.3600,0.3500,0.6400,0.6600,0.6500,,,
02:31:51.121,111121,TICK,Up,0.3500,0.3600,0.3550,0.6400,0.6600,0.6500,,,
02:31:51.125,111126,TICK,Down,0.3500,0.3600,0.3550,0.6400,0.6500,0.6450,,,
02:31:51.131,111131,TICK,Up,0.3500,0.3600,0.3550,0.6400,0.6500,0.6450,,,
02:31:51.138,111138,TICK,Down,0.3500,0.3600,0.3550,0.6400,0.6500,0.6450,,,
02:31:51.146,111147,TICK,Down,0.3500,0.3600,0.3550,0.6400,0.6500,0.6450,,,
02:31:51.156,111156,TICK,Down,0.3500,0.3600,0.3550,0.6400,0.6500,0.6450,,,
02:31:52.009,112009,TICK,Up,0.3500,0.3700,0.3600,0.6400,0.6500,0.6450,,,
02:31:52.015,112016,TICK,Down,0.3500,0.3700,0.3600,0.6300,0.6500,0.6400,,,
02:31:52.021,112022,TICK,Up,0.3500,0.3700,0.3600,0.6300,0.6500,0.6400,,,
02:31:52.027,112027,TICK,Up,0.3600,0.3700,0.3650,0.6300,0.6500,0.6400,,,
02:31:52.034,112034,TICK,Down,0.3600,0.3700,0.3650,0.6300,0.6400,0.6350,,,
02:31:52.041,112041,TICK,Up,0.3600,0.3700,0.3650,0.6300,0.6400,0.6350,,,
02:31:52.046,112047,TICK,Down,0.3600,0.3700,0.3650,0.6300,0.6400,0.6350,,,
02:31:52.050,112050,TICK,Up,0.3600,0.3700,0.3650,0.6300,0.6400,0.6350,,,
02:31:52.054,112054,TICK,Up,0.3600,0.3700,0.3650,0.6300,0.6400,0.6350,,,
02:31:52.058,112059,TICK,Up,0.3600,0.3700,0.3650,0.6300,0.6400,0.6350,,,
02:31:52.063,112063,TICK,Down,0.3600,0.3700,0.3650,0.6300,0.6400,0.6350,,,
02:31:52.065,112066,TICK,Up,0.3600,0.3700,0.3650,0.6300,0.6400,0.6350,,,
02:31:52.069,112069,TICK,Up,0.3600,0.3700,0.3650,0.6300,0.6400,0.6350,,,
02:31:52.072,112073,TICK,Down,0.3600,0.3700,0.3650,0.6300,0.6400,0.6350,,,
02:31:52.076,112077,TICK,Up,0.3600,0.3700,0.3650,0.6300,0.6400,0.6350,,,
02:31:52.086,112087,TICK,Down,0.3600,0.3700,0.3650,0.6300,0.6400,0.6350,,,
02:31:54.280,114281,TICK,Up,0.3600,0.3700,0.3650,0.6300,0.6400,0.6350,,,
02:31:54.286,114286,TICK,Up,0.3600,0.3700,0.3650,0.6300,0.6400,0.6350,,,
02:31:54.294,114295,TICK,Up,0.3700,0.3900,0.3800,0.6300,0.6400,0.6350,,,
02:31:54.301,114302,TICK,Down,0.3700,0.3900,0.3800,0.6100,0.6300,0.6200,,,
02:31:54.304,114305,TICK,Up,0.3700,0.3900,0.3800,0.6100,0.6300,0.6200,,,
02:31:54.317,114317,TICK,Up,0.3800,0.4100,0.3950,0.6100,0.6300,0.6200,,,
02:31:54.321,114321,TICK,Down,0.3800,0.4100,0.3950,0.5900,0.6200,0.6050,,,
02:31:54.325,114326,TICK,Up,0.3800,0.4100,0.3950,0.5900,0.6200,0.6050,,,
02:31:55.202,115203,TICK,Up,0.4000,0.4100,0.4050,0.5900,0.6200,0.6050,,,
02:31:55.209,115209,TICK,Down,0.4000,0.4100,0.4050,0.5900,0.6000,0.5950,,,
02:31:55.214,115215,TICK,Down,0.4000,0.4100,0.4050,0.5900,0.6000,0.5950,,,
02:31:56.862,116863,TICK,Up,0.3900,0.4000,0.3950,0.5900,0.6000,0.5950,,,
02:31:56.874,116874,TICK,Down,0.3900,0.4000,0.3950,0.6000,0.6100,0.6050,,,
02:31:56.882,116883,TICK,Down,0.3900,0.4000,0.3950,0.6000,0.6100,0.6050,,,
02:31:56.887,116888,TICK,Up,0.3900,0.4000,0.3950,0.6000,0.6100,0.6050,,,
02:31:56.895,116895,TICK,Down,0.3900,0.4000,0.3950,0.6000,0.6100,0.6050,,,
02:31:56.902,116903,TICK,Up,0.3900,0.4000,0.3950,0.6000,0.6100,0.6050,,,
02:31:58.018,118019,TICK,Up,0.3700,0.3800,0.3750,0.6000,0.6100,0.6050,,,
02:31:58.030,118030,TICK,Down,0.3700,0.3800,0.3750,0.6200,0.6300,0.6250,,,
02:31:58.041,118042,TICK,Up,0.3700,0.3800,0.3750,0.6200,0.6300,0.6250,,,
02:31:59.544,119544,TICK,Up,0.3700,0.3800,0.3750,0.6200,0.6300,0.6250,,,
02:31:59.547,119547,TICK,Down,0.3700,0.3800,0.3750,0.6200,0.6300,0.6250,,,
02:31:59.550,119550,TICK,Down,0.3700,0.3800,0.3750,0.6200,0.6300,0.6250,,,
02:31:59.554,119554,TICK,Up,0.3700,0.3800,0.3750,0.6200,0.6300,0.6250,,,
02:31:59.559,119559,TICK,Down,0.3700,0.3800,0.3750,0.6200,0.6300,0.6250,,,
02:31:59.563,119563,TICK,Down,0.3700,0.3800,0.3750,0.6200,0.6300,0.6250,,,
02:31:59.573,119574,TICK,Up,0.3400,0.3800,0.3600,0.6200,0.6300,0.6250,,,
02:31:59.576,119576,TICK,Down,0.3400,0.3800,0.3600,0.6200,0.6600,0.6400,,,
02:31:59.582,119582,TICK,Up,0.3400,0.3800,0.3600,0.6200,0.6600,0.6400,,,
02:31:59.591,119591,TICK,Down,0.3400,0.3800,0.3600,0.6200,0.6600,0.6400,,,
02:31:59.595,119595,TICK,Up,0.3500,0.3800,0.3650,0.6200,0.6600,0.6400,,,
02:31:59.599,119599,TICK,Down,0.3500,0.3800,0.3650,0.6200,0.6500,0.6350,,,
02:31:59.605,119606,TICK,Down,0.3500,0.3800,0.3650,0.6200,0.6500,0.6350,,,
02:31:59.609,119610,TICK,Up,0.3500,0.3800,0.3650,0.6200,0.6500,0.6350,,,
02:31:59.614,119615,TICK,Up,0.3400,0.3700,0.3550,0.6200,0.6500,0.6350,,,
02:31:59.619,119619,TICK,Down,0.3400,0.3700,0.3550,0.6300,0.6600,0.6450,,,
02:32:00.250,120251,TICK,Up,0.3700,0.3800,0.3750,0.6300,0.6600,0.6450,,,
02:32:00.255,120255,TICK,Down,0.3700,0.3800,0.3750,0.6200,0.6300,0.6250,,,
02:32:00.259,120260,TICK,Up,0.3700,0.3800,0.3750,0.6200,0.6300,0.6250,,,
02:32:00.265,120266,TICK,Up,0.3400,0.3800,0.3600,0.6200,0.6300,0.6250,,,
02:32:00.273,120273,TICK,Down,0.3400,0.3800,0.3600,0.6200,0.6600,0.6400,,,
02:32:00.280,120280,TICK,Down,0.3400,0.3800,0.3600,0.6200,0.6600,0.6400,,,
02:32:00.283,120284,TICK,Up,0.3400,0.3900,0.3650,0.6200,0.6600,0.6400,,,
02:32:00.286,120287,TICK,Down,0.3400,0.3900,0.3650,0.6100,0.6600,0.6350,,,
02:32:00.292,120293,TICK,Up,0.3400,0.3900,0.3650,0.6100,0.6600,0.6350,,,
02:32:00.298,120299,TICK,Down,0.3400,0.3900,0.3650,0.6100,0.6400,0.6250,,,
02:32:00.301,120301,TICK,Up,0.3400,0.3900,0.3650,0.6100,0.6400,0.6250,,,
02:32:00.305,120305,TICK,Down,0.3400,0.3900,0.3650,0.6100,0.6400,0.6250,,,
02:32:00.315,120316,TICK,Up,0.3400,0.3900,0.3650,0.6100,0.6400,0.6250,,,
02:32:00.321,120321,TICK,Up,0.3400,0.3900,0.3650,0.6100,0.6400,0.6250,,,
02:32:00.326,120326,TICK,Up,0.3700,0.3800,0.3750,0.6100,0.6400,0.6250,,,
02:32:00.330,120330,TICK,Down,0.3700,0.3800,0.3750,0.6200,0.6300,0.6250,,,
02:32:00.333,120333,TICK,Down,0.3700,0.3800,0.3750,0.6200,0.6300,0.6250,,,
02:32:00.344,120345,TICK,Up,0.3700,0.3800,0.3750,0.6200,0.6300,0.6250,,,
02:32:00.349,120350,TICK,Down,0.3700,0.3800,0.3750,0.6200,0.6300,0.6250,,,
02:32:00.352,120352,TICK,Down,0.3700,0.3800,0.3750,0.6200,0.6300,0.6250,,,
02:32:00.358,120358,TICK,Up,0.3700,0.3800,0.3750,0.6200,0.6300,0.6250,,,
02:32:00.362,120362,TICK,Down,0.3700,0.3800,0.3750,0.6200,0.6300,0.6250,,,
02:32:00.365,120366,TICK,Up,0.3700,0.3800,0.3750,0.6200,0.6300,0.6250,,,
02:32:00.368,120369,TICK,Down,0.3700,0.3800,0.3750,0.6200,0.6300,0.6250,,,
02:32:00.371,120371,TICK,Down,0.3700,0.3800,0.3750,0.6200,0.6300,0.6250,,,
02:32:00.373,120374,TICK,Down,0.3700,0.3800,0.3750,0.6200,0.6300,0.6250,,,
02:32:00.376,120377,TICK,Up,0.3700,0.3800,0.3750,0.6200,0.6300,0.6250,,,
02:32:00.379,120379,TICK,Down,0.3700,0.3800,0.3750,0.6200,0.6300,0.6250,,,
02:32:00.386,120387,TICK,Up,0.3700,0.3800,0.3750,0.6200,0.6300,0.6250,,,
02:32:01.840,121841,TICK,Up,0.3700,0.3800,0.3750,0.6200,0.6300,0.6250,,,
02:32:01.848,121849,TICK,Down,0.3700,0.3800,0.3750,0.6200,0.6300,0.6250,,,
02:32:01.852,121852,TICK,Down,0.3700,0.3800,0.3750,0.6200,0.6300,0.6250,,,
02:32:01.857,121858,TICK,Up,0.3700,0.3800,0.3750,0.6200,0.6300,0.6250,,,
02:32:01.864,121864,TICK,Down,0.3700,0.3800,0.3750,0.6200,0.6300,0.6250,,,
02:32:01.871,121871,TICK,Down,0.3700,0.3800,0.3750,0.6200,0.6300,0.6250,,,
02:32:01.876,121876,TICK,Up,0.3700,0.3800,0.3750,0.6200,0.6300,0.6250,,,
02:32:01.880,121881,TICK,Down,0.3700,0.3800,0.3750,0.6200,0.6300,0.6250,,,
02:32:01.884,121885,TICK,Down,0.3700,0.3800,0.3750,0.6200,0.6300,0.6250,,,
02:32:01.896,121897,TICK,Up,0.3700,0.4200,0.3950,0.6200,0.6300,0.6250,,,
02:32:01.903,121904,TICK,Down,0.3700,0.4200,0.3950,0.5800,0.6300,0.6050,,,
02:32:01.911,121912,TICK,Up,0.3700,0.4200,0.3950,0.5800,0.6300,0.6050,,,
02:32:02.616,122616,TICK,Up,0.4200,0.4400,0.4300,0.5800,0.6300,0.6050,,,
02:32:02.619,122620,TICK,Down,0.4200,0.4400,0.4300,0.5600,0.5800,0.5700,,,
02:32:02.626,122626,TICK,Up,0.4200,0.4400,0.4300,0.5600,0.5800,0.5700,,,
02:32:02.637,122638,TICK,Up,0.4300,0.4500,0.4400,0.5600,0.5800,0.5700,,,
02:32:02.643,122643,TICK,Down,0.4300,0.4500,0.4400,0.5500,0.5700,0.5600,,,
02:32:02.648,122648,TICK,Up,0.4300,0.4500,0.4400,0.5500,0.5700,0.5600,,,
02:32:03.599,123600,TICK,Up,0.4400,0.4500,0.4450,0.5500,0.5700,0.5600,,,
02:32:03.602,123603,TICK,Down,0.4400,0.4500,0.4450,0.5500,0.5600,0.5550,,,
02:32:03.607,123607,TICK,Up,0.4400,0.4500,0.4450,0.5500,0.5600,0.5550,,,
02:32:03.617,123617,TICK,Up,0.4400,0.4500,0.4450,0.5500,0.5600,0.5550,,,
02:32:03.619,123620,TICK,Down,0.4400,0.4500,0.4450,0.5500,0.5600,0.5550,,,
02:32:03.622,123623,TICK,Down,0.4400,0.4500,0.4450,0.5500,0.5600,0.5550,,,
02:32:03.629,123630,TICK,Up,0.4300,0.4500,0.4400,0.5500,0.5600,0.5550,,,
02:32:03.634,123634,TICK,Down,0.4300,0.4500,0.4400,0.5500,0.5700,0.5600,,,
02:32:03.640,123641,TICK,Up,0.4300,0.4500,0.4400,0.5500,0.5700,0.5600,,,
02:32:03.644,123645,TICK,Down,0.4300,0.4500,0.4400,0.5500,0.5700,0.5600,,,
02:32:03.650,123650,TICK,Down,0.4300,0.4500,0.4400,0.5500,0.5700,0.5600,,,
02:32:03.662,123663,TICK,Up,0.4300,0.4500,0.4400,0.5500,0.5700,0.5600,,,
02:32:10.640,130641,TICK,Up,0.1000,0.1100,0.1050,0.5500,0.5700,0.5600,,,
02:32:10.655,130655,TICK,Down,0.1000,0.1100,0.1050,0.8900,0.9000,0.8950,,,
02:32:12.611,132612,TICK,Up,0.0800,0.0900,0.0850,0.8900,0.9000,0.8950,,,
02:32:12.616,132616,TICK,Down,0.0800,0.0900,0.0850,0.9100,0.9200,0.9150,,,
02:32:12.621,132621,TICK,Down,0.0800,0.0900,0.0850,0.9100,0.9200,0.9150,,,
02:32:12.736,132737,TICK,Up,0.0800,0.0900,0.0850,0.9100,0.9200,0.9150,,,
02:32:12.745,132745,TICK,Down,0.0800,0.0900,0.0850,0.9100,0.9200,0.9150,,,
02:32:12.751,132752,TICK,Down,0.0800,0.0900,0.0850,0.9100,0.9200,0.9150,,,
02:32:12.955,132956,TICK,Up,0.0700,0.0900,0.0800,0.9100,0.9200,0.9150,,,
02:32:12.965,132965,TICK,Down,0.0700,0.0900,0.0800,0.9100,0.9300,0.9200,,,
02:32:12.979,132980,TICK,Down,0.0700,0.0900,0.0800,0.9100,0.9300,0.9200,,,
02:32:13.541,133542,TICK,Up,0.0700,0.0900,0.0800,0.9100,0.9300,0.9200,,,
02:32:13.547,133548,TICK,Down,0.0700,0.0900,0.0800,0.9100,0.9300,0.9200,,,
02:32:13.598,133599,TICK,Up,0.0700,0.0900,0.0800,0.9100,0.9300,0.9200,,,
02:32:13.604,133604,TICK,Down,0.0700,0.0900,0.0800,0.9100,0.9300,0.9200,,,
02:32:13.611,133611,TICK,Up,0.0700,0.0900,0.0800,0.9100,0.9300,0.9200,,,
02:32:13.617,133618,TICK,Down,0.0700,0.0900,0.0800,0.9100,0.9300,0.9200,,,
02:32:14.006,134006,TICK,Up,0.0800,0.0900,0.0850,0.9100,0.9300,0.9200,,,
02:32:14.010,134010,TICK,Down,0.0800,0.0900,0.0850,0.9100,0.9200,0.9150,,,
02:32:14.013,134014,TICK,Down,0.0800,0.0900,0.0850,0.9100,0.9200,0.9150,,,
02:32:14.744,134745,TICK,Up,0.1100,0.1200,0.1150,0.9100,0.9200,0.9150,,,
02:32:14.755,134755,TICK,Down,0.1100,0.1200,0.1150,0.8800,0.8900,0.8850,,,
02:32:14.770,134770,TICK,Up,0.1100,0.1200,0.1150,0.8800,0.8900,0.8850,,,
02:32:14.773,134774,TICK,Down,0.1100,0.1200,0.1150,0.8800,0.8900,0.8850,,,
02:32:14.777,134777,TICK,Down,0.1100,0.1200,0.1150,0.8800,0.8900,0.8850,,,
02:32:14.779,134780,TICK,Up,0.1100,0.1200,0.1150,0.8800,0.8900,0.8850,,,
02:32:14.783,134783,TICK,Down,0.1100,0.1200,0.1150,0.8800,0.8900,0.8850,,,
02:32:14.785,134786,TICK,Down,0.1100,0.1200,0.1150,0.8800,0.8900,0.8850,,,
02:32:14.853,134854,TICK,Down,0.1100,0.1200,0.1150,0.8800,0.8900,0.8850,,,
02:32:14.858,134859,TICK,Up,0.1100,0.1200,0.1150,0.8800,0.8900,0.8850,,,
02:32:14.864,134865,TICK,Down,0.1100,0.1200,0.1150,0.8800,0.8900,0.8850,,,
02:32:14.907,134907,TICK,Up,0.1100,0.1200,0.1150,0.8800,0.8900,0.8850,,,
02:32:16.233,136234,TICK,Up,0.1100,0.1200,0.1150,0.8800,0.8900,0.8850,,,
02:32:16.242,136243,TICK,Down,0.1100,0.1200,0.1150,0.8800,0.8900,0.8850,,,
02:32:16.247,136247,TICK,Up,0.1100,0.1300,0.1200,0.8800,0.8900,0.8850,,,
02:32:16.252,136253,TICK,Up,0.1100,0.1300,0.1200,0.8800,0.8900,0.8850,,,
02:32:16.259,136260,TICK,Down,0.1100,0.1300,0.1200,0.8700,0.8900,0.8800,,,
02:32:16.264,136265,TICK,Up,0.1100,0.1300,0.1200,0.8700,0.8900,0.8800,,,
02:32:16.873,136873,TICK,Up,0.1200,0.1300,0.1250,0.8700,0.8900,0.8800,,,
02:32:16.882,136883,TICK,Down,0.1200,0.1300,0.1250,0.8700,0.8800,0.8750,,,
02:32:16.891,136891,TICK,Up,0.1200,0.1300,0.1250,0.8700,0.8800,0.8750,,,
02:32:17.235,137236,TICK,Up,0.1200,0.1300,0.1250,0.8700,0.8800,0.8750,,,
02:32:17.239,137240,TICK,Down,0.1200,0.1300,0.1250,0.8700,0.8800,0.8750,,,
02:32:17.247,137248,TICK,Up,0.1200,0.1300,0.1250,0.8700,0.8800,0.8750,,,
02:32:18.862,138862,TICK,Up,0.1200,0.1300,0.1250,0.8700,0.8800,0.8750,,,
02:32:18.869,138869,TICK,Down,0.1200,0.1300,0.1250,0.8700,0.8800,0.8750,,,
02:32:18.875,138875,TICK,Up,0.1200,0.1300,0.1250,0.8700,0.8800,0.8750,,,
02:32:18.971,138971,TICK,Up,0.1200,0.1400,0.1300,0.8700,0.8800,0.8750,,,
02:32:18.976,138976,TICK,Down,0.1200,0.1400,0.1300,0.8600,0.8800,0.8700,,,
02:32:19.012,139012,TICK,Up,0.1200,0.1400,0.1300,0.8600,0.8800,0.8700,,,
02:32:19.104,139104,TICK,Up,0.1300,0.1400,0.1350,0.8600,0.8800,0.8700,,,
02:32:19.110,139110,TICK,Down,0.1300,0.1400,0.1350,0.8600,0.8700,0.8650,,,
02:32:19.119,139120,TICK,Up,0.1300,0.1400,0.1350,0.8600,0.8700,0.8650,,,
02:32:19.245,139246,TICK,Up,0.1300,0.1400,0.1350,0.8600,0.8700,0.8650,,,
02:32:19.250,139250,TICK,Down,0.1300,0.1400,0.1350,0.8600,0.8700,0.8650,,,
02:32:19.258,139258,TICK,Up,0.1300,0.1400,0.1350,0.8600,0.8700,0.8650,,,
02:32:19.533,139534,TICK,Up,0.1300,0.1400,0.1350,0.8600,0.8700,0.8650,,,
02:32:19.539,139540,TICK,Down,0.1300,0.1400,0.1350,0.8600,0.8700,0.8650,,,
02:32:19.557,139557,TICK,Up,0.1300,0.1400,0.1350,0.8600,0.8700,0.8650,,,
02:32:19.986,139986,TICK,Up,0.1300,0.1400,0.1350,0.8600,0.8700,0.8650,,,
02:32:19.990,139991,TICK,Down,0.1300,0.1400,0.1350,0.8600,0.8700,0.8650,,,
02:32:20.005,140005,TICK,Down,0.1300,0.1400,0.1350,0.8600,0.8700,0.8650,,,
02:32:20.345,140345,TICK,Up,0.1300,0.1400,0.1350,0.8600,0.8700,0.8650,,,
02:32:20.350,140350,TICK,Down,0.1300,0.1400,0.1350,0.8600,0.8700,0.8650,,,
02:32:20.358,140358,TICK,Down,0.1300,0.1400,0.1350,0.8600,0.8700,0.8650,,,
02:32:20.894,140895,TICK,Up,0.1200,0.1300,0.1250,0.8600,0.8700,0.8650,,,
02:32:20.902,140902,TICK,Down,0.1200,0.1300,0.1250,0.8700,0.8800,0.8750,,,
02:32:20.919,140919,TICK,Down,0.1200,0.1300,0.1250,0.8700,0.8800,0.8750,,,
02:32:21.309,141309,TICK,Up,0.1200,0.1300,0.1250,0.8700,0.8800,0.8750,,,
02:32:21.316,141316,TICK,Down,0.1200,0.1300,0.1250,0.8700,0.8800,0.8750,,,
02:32:21.322,141323,TICK,Down,0.1200,0.1300,0.1250,0.8700,0.8800,0.8750,,,
02:32:21.481,141482,TICK,Up,0.1200,0.1300,0.1250,0.8700,0.8800,0.8750,,,
02:32:21.486,141487,TICK,Down,0.1200,0.1300,0.1250,0.8700,0.8800,0.8750,,,
02:32:21.500,141500,TICK,Up,0.1200,0.1300,0.1250,0.8700,0.8800,0.8750,,,
02:32:21.507,141508,TICK,Down,0.1200,0.1300,0.1250,0.8700,0.8800,0.8750,,,
02:32:21.519,141520,TICK,Down,0.1200,0.1300,0.1250,0.8700,0.8800,0.8750,,,
02:32:21.527,141528,TICK,Down,0.1200,0.1300,0.1250,0.8700,0.8800,0.8750,,,
02:32:21.846,141847,TICK,Up,0.1200,0.1300,0.1250,0.8700,0.8800,0.8750,,,
02:32:21.851,141852,TICK,Down,0.1200,0.1300,0.1250,0.8700,0.8800,0.8750,,,
02:32:21.865,141865,TICK,Down,0.1200,0.1300,0.1250,0.8700,0.8800,0.8750,,,
02:32:22.859,142859,TICK,Up,0.1100,0.1200,0.1150,0.8700,0.8800,0.8750,,,
02:32:22.865,142866,TICK,Down,0.1100,0.1200,0.1150,0.8800,0.8900,0.8850,,,
02:32:22.878,142878,TICK,Down,0.1100,0.1200,0.1150,0.8800,0.8900,0.8850,,,
02:32:23.718,143719,TICK,Up,0.1100,0.1200,0.1150,0.8800,0.8900,0.8850,,,
02:32:23.724,143724,TICK,Down,0.1100,0.1200,0.1150,0.8800,0.8900,0.8850,,,
02:32:23.740,143740,TICK,Down,0.1100,0.1200,0.1150,0.8800,0.8900,0.8850,,,
02:32:27.361,147361,TICK,Up,0.1000,0.1100,0.1050,0.8800,0.8900,0.8850,,,
02:32:27.365,147365,TICK,Down,0.1000,0.1100,0.1050,0.8900,0.9000,0.8950,,,
02:32:27.369,147370,TICK,Up,0.1000,0.1100,0.1050,0.8900,0.9000,0.8950,,,
02:32:27.385,147385,TICK,Up,0.1000,0.1100,0.1050,0.8900,0.9000,0.8950,,,
02:32:27.390,147390,TICK,Down,0.1000,0.1100,0.1050,0.8900,0.9000,0.8950,,,
02:32:27.403,147403,TICK,Down,0.1000,0.1100,0.1050,0.8900,0.9000,0.8950,,,
02:32:31.165,151166,TICK,Up,0.0800,0.1000,0.0900,0.8900,0.9000,0.8950,,,
02:32:31.169,151170,TICK,Down,0.0800,0.1000,0.0900,0.9000,0.9200,0.9100,,,
02:32:31.176,151176,TICK,Up,0.0800,0.1000,0.0900,0.9000,0.9200,0.9100,,,
02:32:31.434,151435,TICK,Up,0.0800,0.0900,0.0850,0.9000,0.9200,0.9100,,,
02:32:31.438,151438,TICK,Down,0.0800,0.0900,0.0850,0.9100,0.9200,0.9150,,,
02:32:31.445,151445,TICK,Down,0.0800,0.0900,0.0850,0.9100,0.9200,0.9150,,,
02:32:33.163,153163,TICK,Up,0.0800,0.0900,0.0850,0.9100,0.9200,0.9150,,,
02:32:33.170,153170,TICK,Down,0.0800,0.0900,0.0850,0.9100,0.9200,0.9150,,,
02:32:33.177,153177,TICK,Down,0.0800,0.0900,0.0850,0.9100,0.9200,0.9150,,,
02:32:33.533,153533,TICK,Up,0.0700,0.0800,0.0750,0.9100,0.9200,0.9150,,,
02:32:33.541,153542,TICK,Down,0.0700,0.0800,0.0750,0.9200,0.9300,0.9250,,,
02:32:33.559,153560,TICK,Down,0.0700,0.0800,0.0750,0.9200,0.9300,0.9250,,,
02:32:35.527,155527,TICK,Up,0.0600,0.0800,0.0700,0.9200,0.9300,0.9250,,,
02:32:35.534,155534,TICK,Down,0.0600,0.0800,0.0700,0.9200,0.9400,0.9300,,,
02:32:35.552,155552,TICK,Down,0.0600,0.0800,0.0700,0.9200,0.9400,0.9300,,,
02:32:36.370,156371,TICK,Up,0.0700,0.0800,0.0750,0.9200,0.9400,0.9300,,,
02:32:36.382,156382,TICK,Down,0.0700,0.0800,0.0750,0.9200,0.9300,0.9250,,,
02:32:36.433,156434,TICK,Up,0.0700,0.0800,0.0750,0.9200,0.9300,0.9250,,,
02:32:36.646,156647,TICK,Up,0.0900,0.1100,0.1000,0.9200,0.9300,0.9250,,,
02:32:36.651,156651,TICK,Down,0.0900,0.1100,0.1000,0.8900,0.9100,0.9000,,,
02:32:36.663,156663,TICK,Up,0.0900,0.1100,0.1000,0.8900,0.9100,0.9000,,,
02:32:37.050,157051,TICK,Up,0.0900,0.1000,0.0950,0.8900,0.9100,0.9000,,,
02:32:37.053,157053,TICK,Down,0.0900,0.1000,0.0950,0.9000,0.9100,0.9050,,,
02:32:37.070,157070,TICK,Up,0.0900,0.1000,0.0950,0.9000,0.9100,0.9050,,,
02:32:37.995,157996,TICK,Up,0.1000,0.1100,0.1050,0.9000,0.9100,0.9050,,,
02:32:38.010,158010,TICK,Down,0.1000,0.1100,0.1050,0.8900,0.9000,0.8950,,,
02:32:38.149,158150,TICK,Up,0.1000,0.1100,0.1050,0.8900,0.9000,0.8950,,,
02:32:38.153,158154,TICK,Up,0.1000,0.1100,0.1050,0.8900,0.9000,0.8950,,,
02:32:38.157,158157,TICK,Down,0.1000,0.1100,0.1050,0.8900,0.9000,0.8950,,,
02:32:38.165,158166,TICK,Down,0.1000,0.1100,0.1050,0.8900,0.9000,0.8950,,,
02:32:38.237,158237,TICK,Up,0.1000,0.1100,0.1050,0.8900,0.9000,0.8950,,,
02:32:38.244,158244,TICK,Down,0.1000,0.1100,0.1050,0.8900,0.9000,0.8950,,,
02:32:38.248,158248,TICK,Down,0.1000,0.1100,0.1050,0.8900,0.9000,0.8950,,,
02:32:38.320,158321,TICK,Up,0.1000,0.1100,0.1050,0.8900,0.9000,0.8950,,,
02:32:38.323,158323,TICK,Down,0.1000,0.1100,0.1050,0.8900,0.9000,0.8950,,,
02:32:38.325,158326,TICK,Up,0.1000,0.1100,0.1050,0.8900,0.9000,0.8950,,,
02:32:39.025,159025,TICK,Up,0.1100,0.1400,0.1250,0.8900,0.9000,0.8950,,,
02:32:39.029,159030,TICK,Down,0.1100,0.1400,0.1250,0.8600,0.8900,0.8750,,,
02:32:39.032,159033,TICK,Up,0.1100,0.1400,0.1250,0.8600,0.8900,0.8750,,,
02:32:39.035,159036,TICK,Up,0.1400,0.1500,0.1450,0.8600,0.8900,0.8750,,,
02:32:39.041,159041,TICK,Down,0.1400,0.1500,0.1450,0.8500,0.8600,0.8550,,,
02:32:39.049,159050,TICK,Down,0.1400,0.1500,0.1450,0.8500,0.8600,0.8550,,,
02:32:39.054,159054,TICK,Up,0.1400,0.1500,0.1450,0.8500,0.8600,0.8550,,,
02:32:39.059,159059,TICK,Down,0.1400,0.1500,0.1450,0.8500,0.8600,0.8550,,,
02:32:39.063,159063,TICK,Down,0.1400,0.1500,0.1450,0.8500,0.8600,0.8550,,,
02:32:39.132,159132,TICK,Up,0.1400,0.1500,0.1450,0.8500,0.8600,0.8550,,,
02:32:39.135,159136,TICK,Down,0.1400,0.1500,0.1450,0.8500,0.8600,0.8550,,,
02:32:39.138,159138,TICK,Down,0.1400,0.1500,0.1450,0.8500,0.8600,0.8550,,,
02:32:39.345,159345,TICK,Up,0.1300,0.1400,0.1350,0.8500,0.8600,0.8550,,,
02:32:39.350,159350,TICK,Down,0.1300,0.1400,0.1350,0.8600,0.8700,0.8650,,,
02:32:39.371,159371,TICK,Down,0.1300,0.1400,0.1350,0.8600,0.8700,0.8650,,,
02:32:40.961,160961,TICK,Up,0.1300,0.1400,0.1350,0.8600,0.8700,0.8650,,,
02:32:40.966,160967,TICK,Down,0.1300,0.1400,0.1350,0.8600,0.8700,0.8650,,,
02:32:40.981,160982,TICK,Down,0.1300,0.1400,0.1350,0.8600,0.8700,0.8650,,,
02:32:41.589,161589,TICK,Up,0.1200,0.1300,0.1250,0.8600,0.8700,0.8650,,,
02:32:41.597,161597,TICK,Down,0.1200,0.1300,0.1250,0.8700,0.8800,0.8750,,,
02:32:41.605,161606,TICK,Down,0.1200,0.1300,0.1250,0.8700,0.8800,0.8750,,,
02:33:18.995,198995,TICK,Up,0.1200,0.1300,0.1250,0.8700,0.8800,0.8750,,,
02:33:19.002,199002,TICK,Down,0.1200,0.1300,0.1250,0.8700,0.8800,0.8750,,,
02:33:19.005,199005,TICK,Down,0.1200,0.1300,0.1250,0.8700,0.8800,0.8750,,,
02:33:19.008,199008,TICK,Up,0.1200,0.1300,0.1250,0.8700,0.8800,0.8750,,,
02:33:19.012,199013,TICK,Down,0.1200,0.1300,0.1250,0.8700,0.8800,0.8750,,,
02:33:19.017,199018,TICK,Down,0.1200,0.1300,0.1250,0.8700,0.8800,0.8750,,,
02:33:25.201,205201,TICK,Up,0.1200,0.1300,0.1250,0.8700,0.8800,0.8750,,,
02:33:25.209,205210,TICK,Down,0.1200,0.1300,0.1250,0.8700,0.8800,0.8750,,,
02:33:25.216,205216,TICK,Up,0.1200,0.1300,0.1250,0.8700,0.8800,0.8750,,,
02:33:25.226,205227,TICK,Up,0.0900,0.1000,0.0950,0.8700,0.8800,0.8750,,,
02:33:25.232,205232,TICK,Down,0.0900,0.1000,0.0950,0.9000,0.9100,0.9050,,,
02:33:25.238,205238,TICK,Up,0.0900,0.1000,0.0950,0.9000,0.9100,0.9050,,,
02:33:25.717,205718,TICK,Up,0.0800,0.0900,0.0850,0.9000,0.9100,0.9050,,,
02:33:25.723,205723,TICK,Down,0.0800,0.0900,0.0850,0.9100,0.9200,0.9150,,,
02:33:25.728,205728,TICK,Down,0.0800,0.0900,0.0850,0.9100,0.9200,0.9150,,,
02:33:25.734,205735,TICK,Up,0.0800,0.0900,0.0850,0.9100,0.9200,0.9150,,,
02:33:25.740,205740,TICK,Down,0.0800,0.0900,0.0850,0.9100,0.9200,0.9150,,,
02:33:25.744,205745,TICK,Down,0.0800,0.0900,0.0850,0.9100,0.9200,0.9150,,,
02:33:25.751,205751,TICK,Up,0.0800,0.0900,0.0850,0.9100,0.9200,0.9150,,,
02:33:25.758,205758,TICK,Down,0.0800,0.0900,0.0850,0.9100,0.9200,0.9150,,,
02:33:25.760,205760,TICK,Down,0.0800,0.0900,0.0850,0.9100,0.9200,0.9150,,,
02:33:25.767,205768,TICK,Up,0.0800,0.0900,0.0850,0.9100,0.9200,0.9150,,,
02:33:25.770,205770,TICK,Down,0.0800,0.0900,0.0850,0.9100,0.9200,0.9150,,,
02:33:25.772,205772,TICK,Down,0.0800,0.0900,0.0850,0.9100,0.9200,0.9150,,,
02:33:27.929,207930,TICK,Up,0.0700,0.0800,0.0750,0.9100,0.9200,0.9150,,,
02:33:27.940,207940,TICK,Down,0.0700,0.0800,0.0750,0.9200,0.9300,0.9250,,,
02:33:27.946,207947,TICK,Up,0.0700,0.0800,0.0750,0.9200,0.9300,0.9250,,,
02:33:27.956,207957,TICK,Up,0.0700,0.0800,0.0750,0.9200,0.9300,0.9250,,,
02:33:27.966,207967,TICK,Down,0.0700,0.0800,0.0750,0.9200,0.9300,0.9250,,,
02:33:27.970,207971,TICK,Down,0.0700,0.0800,0.0750,0.9200,0.9300,0.9250,,,
02:33:29.676,209677,TICK,Up,0.0500,0.0600,0.0550,0.9200,0.9300,0.9250,,,
02:33:29.680,209681,TICK,Down,0.0500,0.0600,0.0550,0.9400,0.9500,0.9450,,,
02:33:29.683,209684,TICK,Down,0.0500,0.0600,0.0550,0.9400,0.9500,0.9450,,,
02:33:29.690,209691,TICK,Up,0.0400,0.0600,0.0500,0.9400,0.9500,0.9450,,,
02:33:29.695,209696,TICK,Down,0.0400,0.0600,0.0500,0.9400,0.9600,0.9500,,,
02:33:29.699,209699,TICK,Down,0.0400,0.0600,0.0500,0.9400,0.9600,0.9500,,,
02:33:30.132,210133,TICK,Up,0.0400,0.0500,0.0450,0.9400,0.9600,0.9500,,,
02:33:30.136,210136,TICK,Down,0.0400,0.0500,0.0450,0.9500,0.9600,0.9550,,,
02:33:30.139,210140,TICK,Down,0.0400,0.0500,0.0450,0.9500,0.9600,0.9550,,,
02:33:30.150,210150,TICK,Up,0.0400,0.0500,0.0450,0.9500,0.9600,0.9550,,,
02:33:30.155,210155,TICK,Down,0.0400,0.0500,0.0450,0.9500,0.9600,0.9550,,,
02:33:30.743,210744,TICK,Down,0.0400,0.0500,0.0450,0.9500,0.9600,0.9550,,,
02:33:30.752,210752,TICK,Up,0.0400,0.0600,0.0500,0.9500,0.9600,0.9550,,,
02:33:30.757,210758,TICK,Down,0.0400,0.0600,0.0500,0.9400,0.9600,0.9500,,,
02:33:30.762,210762,TICK,Up,0.0400,0.0600,0.0500,0.9400,0.9600,0.9500,,,
02:33:30.768,210768,TICK,Down,0.0400,0.0600,0.0500,0.9400,0.9600,0.9500,,,
02:33:30.772,210773,TICK,Up,0.0400,0.0600,0.0500,0.9400,0.9600,0.9500,,,
02:33:30.778,210779,TICK,Up,0.0400,0.0600,0.0500,0.9400,0.9600,0.9500,,,
02:33:30.783,210783,TICK,Down,0.0400,0.0600,0.0500,0.9400,0.9600,0.9500,,,
02:33:30.786,210787,TICK,Up,0.0400,0.0600,0.0500,0.9400,0.9600,0.9500,,,
02:33:30.794,210794,TICK,Up,0.0500,0.0700,0.0600,0.9400,0.9600,0.9500,,,
02:33:30.801,210802,TICK,Down,0.0500,0.0700,0.0600,0.9300,0.9500,0.9400,,,
02:33:30.810,210810,TICK,Down,0.0500,0.0700,0.0600,0.9300,0.9500,0.9400,,,
02:33:31.047,211048,TICK,Up,0.0500,0.0700,0.0600,0.9300,0.9500,0.9400,,,
02:33:31.050,211051,TICK,Down,0.0500,0.0700,0.0600,0.9300,0.9500,0.9400,,,
02:33:31.053,211054,TICK,Up,0.0500,0.0700,0.0600,0.9300,0.9500,0.9400,,,
02:33:31.058,211058,TICK,Up,0.0600,0.0700,0.0650,0.9300,0.9500,0.9400,,,
02:33:31.061,211062,TICK,Down,0.0600,0.0700,0.0650,0.9300,0.9400,0.9350,,,
02:33:31.064,211065,TICK,Up,0.0600,0.0700,0.0650,0.9300,0.9400,0.9350,,,
02:33:36.997,216997,TICK,Up,0.0200,0.0300,0.0250,0.9300,0.9400,0.9350,,,
02:33:37.001,217001,TICK,Down,0.0200,0.0300,0.0250,0.9700,0.9800,0.9750,,,
02:33:37.007,217007,TICK,Down,0.0200,0.0300,0.0250,0.9700,0.9800,0.9750,,,
02:33:37.319,217320,TICK,Up,0.0200,0.0300,0.0250,0.9700,0.9800,0.9750,,,
02:33:37.324,217324,TICK,Down,0.0200,0.0300,0.0250,0.9700,0.9800,0.9750,,,
02:33:37.356,217357,TICK,Down,0.0200,0.0300,0.0250,0.9700,0.9800,0.9750,,,
02:33:37.779,217779,TICK,Up,0.0200,0.0300,0.0250,0.9700,0.9800,0.9750,,,
02:33:37.786,217787,TICK,Down,0.0200,0.0300,0.0250,0.9700,0.9800,0.9750,,,
02:33:37.813,217813,TICK,Up,0.0200,0.0300,0.0250,0.9700,0.9800,0.9750,,,
02:33:37.932,217932,TICK,Up,0.0200,0.0300,0.0250,0.9700,0.9800,0.9750,,,
02:33:37.936,217936,TICK,Down,0.0200,0.0300,0.0250,0.9700,0.9800,0.9750,,,
02:33:37.942,217943,TICK,Up,0.0200,0.0300,0.0250,0.9700,0.9800,0.9750,,,
02:33:38.000,218000,TICK,Up,0.0200,0.0300,0.0250,0.9700,0.9800,0.9750,,,
02:33:38.005,218006,TICK,Down,0.0200,0.0300,0.0250,0.9700,0.9800,0.9750,,,
02:33:38.013,218014,TICK,Up,0.0200,0.0300,0.0250,0.9700,0.9800,0.9750,,,
02:33:38.018,218018,TICK,Down,0.0200,0.0300,0.0250,0.9700,0.9800,0.9750,,,
02:33:38.023,218023,TICK,Down,0.0200,0.0300,0.0250,0.9700,0.9800,0.9750,,,
02:33:38.026,218027,TICK,Down,0.0200,0.0300,0.0250,0.9700,0.9800,0.9750,,,
02:33:39.112,219113,TICK,Up,0.0200,0.0300,0.0250,0.9700,0.9800,0.9750,,,
02:33:39.117,219117,TICK,Down,0.0200,0.0300,0.0250,0.9700,0.9800,0.9750,,,
02:33:39.137,219138,TICK,Down,0.0200,0.0300,0.0250,0.9700,0.9800,0.9750,,,
02:33:39.653,219654,TICK,Up,0.0200,0.0300,0.0250,0.9700,0.9800,0.9750,,,
02:33:39.657,219657,TICK,Down,0.0200,0.0300,0.0250,0.9700,0.9800,0.9750,,,
02:33:39.694,219694,TICK,Down,0.0200,0.0300,0.0250,0.9700,0.9800,0.9750,,,
02:33:40.539,220539,TICK,Up,0.0200,0.0300,0.0250,0.9700,0.9800,0.9750,,,
02:33:40.542,220542,TICK,Down,0.0200,0.0300,0.0250,0.9700,0.9800,0.9750,,,
02:33:40.549,220549,TICK,Up,0.0200,0.0300,0.0250,0.9700,0.9800,0.9750,,,
02:33:41.753,221754,TICK,Up,0.0200,0.0300,0.0250,0.9700,0.9800,0.9750,,,
02:33:41.765,221765,TICK,Down,0.0200,0.0300,0.0250,0.9700,0.9800,0.9750,,,
02:33:41.878,221879,TICK,Down,0.0200,0.0300,0.0250,0.9700,0.9800,0.9750,,,
02:33:42.011,222011,TICK,Up,0.0200,0.0300,0.0250,0.9700,0.9800,0.9750,,,
02:33:42.014,222015,TICK,Down,0.0200,0.0300,0.0250,0.9700,0.9800,0.9750,,,
02:33:42.032,222032,TICK,Down,0.0200,0.0300,0.0250,0.9700,0.9800,0.9750,,,
02:33:42.092,222092,TICK,Up,0.0100,0.0300,0.0200,0.9700,0.9800,0.9750,,,
02:33:42.099,222100,TICK,Down,0.0100,0.0300,0.0200,0.9700,0.9900,0.9800,,,
02:33:42.113,222114,TICK,Down,0.0100,0.0300,0.0200,0.9700,0.9900,0.9800,,,
02:33:42.264,222264,TICK,Up,0.0100,0.0200,0.0150,0.9700,0.9900,0.9800,,,
02:33:42.271,222272,TICK,Down,0.0100,0.0200,0.0150,0.9800,0.9900,0.9850,,,
02:33:42.277,222278,TICK,Up,0.0100,0.0200,0.0150,0.9800,0.9900,0.9850,,,
02:33:42.381,222382,TICK,Up,0.0100,0.0200,0.0150,0.9800,0.9900,0.9850,,,
02:33:42.393,222394,TICK,Down,0.0100,0.0200,0.0150,0.9800,0.9900,0.9850,,,
02:33:42.410,222410,TICK,Down,0.0100,0.0200,0.0150,0.9800,0.9900,0.9850,,,
02:33:42.867,222868,TICK,Up,0.0100,0.0200,0.0150,0.9800,0.9900,0.9850,,,
02:33:42.872,222872,TICK,Down,0.0100,0.0200,0.0150,0.9800,0.9900,0.9850,,,
02:33:42.883,222883,TICK,Down,0.0100,0.0200,0.0150,0.9800,0.9900,0.9850,,,
02:33:43.063,223063,TICK,Up,0.0100,0.0200,0.0150,0.9800,0.9900,0.9850,,,
02:33:43.071,223072,TICK,Down,0.0100,0.0200,0.0150,0.9800,0.9900,0.9850,,,
02:33:43.084,223084,TICK,Down,0.0100,0.0200,0.0150,0.9800,0.9900,0.9850,,,
02:33:44.269,224269,TICK,Up,0.0100,0.0200,0.0150,0.9800,0.9900,0.9850,,,
02:33:44.277,224278,TICK,Down,0.0100,0.0200,0.0150,0.9800,0.9900,0.9850,,,
02:33:44.286,224287,TICK,Down,0.0100,0.0200,0.0150,0.9800,0.9900,0.9850,,,
02:33:45.208,225208,TICK,Up,0.0100,0.0200,0.0150,0.9800,0.9900,0.9850,,,
02:33:45.212,225213,TICK,Down,0.0100,0.0200,0.0150,0.9800,0.9900,0.9850,,,
02:33:45.230,225230,TICK,Down,0.0100,0.0200,0.0150,0.9800,0.9900,0.9850,,,
02:33:46.560,226561,TICK,Up,0.0100,0.0200,0.0150,0.9800,0.9900,0.9850,,,
02:33:46.567,226568,TICK,Down,0.0100,0.0200,0.0150,0.9800,0.9900,0.9850,,,
02:33:46.643,226643,TICK,Up,0.0100,0.0200,0.0150,0.9800,0.9900,0.9850,,,
02:33:46.886,226887,TICK,Up,0.0200,0.0300,0.0250,0.9800,0.9900,0.9850,,,
02:33:46.891,226891,TICK,Down,0.0200,0.0300,0.0250,0.9700,0.9800,0.9750,,,
02:33:46.902,226903,TICK,Up,0.0200,0.0300,0.0250,0.9700,0.9800,0.9750,,,
02:33:48.650,228650,TICK,Up,0.0100,0.0300,0.0200,0.9700,0.9800,0.9750,,,
02:33:48.657,228657,TICK,Down,0.0100,0.0300,0.0200,0.9700,0.9900,0.9800,,,
02:33:48.679,228679,TICK,Down,0.0100,0.0300,0.0200,0.9700,0.9900,0.9800,,,
02:33:48.807,228808,TICK,Up,0.0100,0.0300,0.0200,0.9700,0.9900,0.9800,,,
02:33:48.819,228820,TICK,Down,0.0100,0.0300,0.0200,0.9700,0.9900,0.9800,,,
02:33:48.834,228835,TICK,Up,0.0100,0.0300,0.0200,0.9700,0.9900,0.9800,,,
02:33:49.319,229319,TICK,Up,0.0100,0.0200,0.0150,0.9700,0.9900,0.9800,,,
02:33:49.323,229323,TICK,Down,0.0100,0.0200,0.0150,0.9800,0.9900,0.9850,,,
02:33:49.334,229334,TICK,Down,0.0100,0.0200,0.0150,0.9800,0.9900,0.9850,,,
02:33:49.939,229939,TICK,Up,0.0100,0.0300,0.0200,0.9800,0.9900,0.9850,,,
02:33:49.944,229944,TICK,Down,0.0100,0.0300,0.0200,0.9700,0.9900,0.9800,,,
02:33:50.132,230132,TICK,Up,0.0100,0.0300,0.0200,0.9700,0.9900,0.9800,,,
02:33:51.541,231542,TICK,Up,0.0100,0.0200,0.0150,0.9700,0.9900,0.9800,,,
02:33:51.554,231554,TICK,Down,0.0100,0.0200,0.0150,0.9800,0.9900,0.9850,,,
02:33:51.562,231562,TICK,Down,0.0100,0.0200,0.0150,0.9800,0.9900,0.9850,,,
02:33:51.591,231592,TICK,Up,0.0100,0.0200,0.0150,0.9800,0.9900,0.9850,,,
02:33:51.600,231600,TICK,Down,0.0100,0.0200,0.0150,0.9800,0.9900,0.9850,,,
02:33:51.618,231619,TICK,Down,0.0100,0.0200,0.0150,0.9800,0.9900,0.9850,,,
02:33:52.514,232515,TICK,Up,0.0100,0.0200,0.0150,0.9800,0.9900,0.9850,,,
02:33:52.521,232522,TICK,Down,0.0100,0.0200,0.0150,0.9800,0.9900,0.9850,,,
02:33:52.541,232542,TICK,Down,0.0100,0.0200,0.0150,0.9800,0.9900,0.9850,,,
02:33:52.879,232879,TICK,Up,0.0100,0.0200,0.0150,0.9800,0.9900,0.9850,,,
02:33:52.885,232885,TICK,Down,0.0100,0.0200,0.0150,0.9800,0.9900,0.9850,,,
02:33:52.889,232889,TICK,Down,0.0100,0.0200,0.0150,0.9800,0.9900,0.9850,,,
02:33:55.367,235368,TICK,Up,0.0100,0.0200,0.0150,0.9800,0.9900,0.9850,,,
02:33:55.378,235378,TICK,Down,0.0100,0.0200,0.0150,0.9800,0.9900,0.9850,,,
02:33:55.418,235418,TICK,Down,0.0100,0.0200,0.0150,0.9800,0.9900,0.9850,,,
02:33:55.795,235796,TICK,Up,0.0100,0.0200,0.0150,0.9800,0.9900,0.9850,,,
02:33:55.803,235803,TICK,Down,0.0100,0.0200,0.0150,0.9800,0.9900,0.9850,,,
02:33:55.812,235813,TICK,Down,0.0100,0.0200,0.0150,0.9800,0.9900,0.9850,,,
02:33:55.881,235882,TICK,Up,0.0100,0.0200,0.0150,0.9800,0.9900,0.9850,,,
02:33:55.886,235886,TICK,Down,0.0100,0.0200,0.0150,0.9800,0.9900,0.9850,,,
02:33:55.898,235899,TICK,Down,0.0100,0.0200,0.0150,0.9800,0.9900,0.9850,,,
02:33:58.989,238990,TICK,Up,0.0100,0.0200,0.0150,0.9800,0.9900,0.9850,,,
02:33:58.992,238992,TICK,Down,0.0100,0.0200,0.0150,0.9800,0.9900,0.9850,,,
02:33:58.994,238994,TICK,Down,0.0100,0.0200,0.0150,0.9800,0.9900,0.9850,,,
02:34:00.678,240678,TICK,Up,0.0100,0.0200,0.0150,0.9800,0.9900,0.9850,,,
02:34:00.681,240682,TICK,Down,0.0100,0.0200,0.0150,0.9800,0.9900,0.9850,,,
02:34:00.796,240796,TICK,Down,0.0100,0.0200,0.0150,0.9800,0.9900,0.9850,,,
02:34:01.092,241093,TICK,Up,0.0100,0.0200,0.0150,0.9800,0.9900,0.9850,,,
02:34:01.098,241098,TICK,Down,0.0100,0.0200,0.0150,0.9800,0.9900,0.9850,,,
02:34:01.112,241113,TICK,Down,0.0100,0.0200,0.0150,0.9800,0.9900,0.9850,,,
02:34:01.725,241725,TICK,Up,0.0100,0.0200,0.0150,0.9800,0.9900,0.9850,,,
02:34:01.731,241731,TICK,Down,0.0100,0.0200,0.0150,0.9800,0.9900,0.9850,,,
02:34:01.741,241742,TICK,Down,0.0100,0.0200,0.0150,0.9800,0.9900,0.9850,,,
02:34:02.241,242241,TICK,Up,0.0100,0.0200,0.0150,0.9800,0.9900,0.9850,,,
02:34:02.246,242247,TICK,Down,0.0100,0.0200,0.0150,0.9800,0.9900,0.9850,,,
02:34:02.257,242258,TICK,Down,0.0100,0.0200,0.0150,0.9800,0.9900,0.9850,,,
02:34:04.022,244023,TICK,Up,0.0100,0.0200,0.0150,0.9800,0.9900,0.9850,,,
02:34:04.025,244026,TICK,Down,0.0100,0.0200,0.0150,0.9800,0.9900,0.9850,,,
02:34:04.035,244035,TICK,Down,0.0100,0.0200,0.0150,0.9800,0.9900,0.9850,,,
02:34:04.263,244264,TICK,Up,0.0100,0.0300,0.0200,0.9800,0.9900,0.9850,,,
02:34:04.268,244269,TICK,Down,0.0100,0.0300,0.0200,0.9700,0.9900,0.9800,,,
02:34:04.303,244303,TICK,Up,0.0100,0.0300,0.0200,0.9700,0.9900,0.9800,,,
02:34:04.938,244939,TICK,Up,0.0100,0.0200,0.0150,0.9700,0.9900,0.9800,,,
02:34:04.944,244944,TICK,Down,0.0100,0.0200,0.0150,0.9800,0.9900,0.9850,,,
02:34:04.960,244961,TICK,Down,0.0100,0.0200,0.0150,0.9800,0.9900,0.9850,,,
02:34:05.014,245015,TICK,Up,0.0100,0.0300,0.0200,0.9800,0.9900,0.9850,,,
02:34:05.020,245020,TICK,Down,0.0100,0.0300,0.0200,0.9700,0.9900,0.9800,,,
02:34:05.067,245068,TICK,Up,0.0100,0.0300,0.0200,0.9700,0.9900,0.9800,,,
02:34:05.322,245322,TICK,Up,0.0100,0.0200,0.0150,0.9700,0.9900,0.9800,,,
02:34:05.329,245330,TICK,Down,0.0100,0.0200,0.0150,0.9800,0.9900,0.9850,,,
02:34:05.358,245358,TICK,Down,0.0100,0.0200,0.0150,0.9800,0.9900,0.9850,,,
02:34:05.366,245367,TICK,Up,0.0100,0.0200,0.0150,0.9800,0.9900,0.9850,,,
02:34:05.370,245370,TICK,Down,0.0100,0.0200,0.0150,0.9800,0.9900,0.9850,,,
02:34:05.380,245381,TICK,Down,0.0100,0.0200,0.0150,0.9800,0.9900,0.9850,,,
02:34:05.440,245440,TICK,Up,0.0100,0.0300,0.0200,0.9800,0.9900,0.9850,,,
02:34:05.449,245449,TICK,Down,0.0100,0.0300,0.0200,0.9700,0.9900,0.9800,,,
02:34:05.472,245473,TICK,Up,0.0100,0.0300,0.0200,0.9700,0.9900,0.9800,,,
02:34:07.634,247635,TICK,Up,0.0100,0.0200,0.0150,0.9700,0.9900,0.9800,,,
02:34:07.639,247639,TICK,Down,0.0100,0.0200,0.0150,0.9800,0.9900,0.9850,,,
02:34:07.644,247644,TICK,Down,0.0100,0.0200,0.0150,0.9800,0.9900,0.9850,,,
02:34:08.946,248947,TICK,Up,0.0100,0.0300,0.0200,0.9800,0.9900,0.9850,,,
02:34:08.951,248951,TICK,Down,0.0100,0.0300,0.0200,0.9700,0.9900,0.9800,,,
02:34:08.959,248959,TICK,Up,0.0100,0.0300,0.0200,0.9700,0.9900,0.9800,,,
02:34:09.615,249615,TICK,Up,0.0100,0.0200,0.0150,0.9700,0.9900,0.9800,,,
02:34:09.619,249619,TICK,Down,0.0100,0.0200,0.0150,0.9800,0.9900,0.9850,,,
02:34:09.651,249652,TICK,Down,0.0100,0.0200,0.0150,0.9800,0.9900,0.9850,,,
02:34:09.906,249907,TICK,Up,0.0100,0.0200,0.0150,0.9800,0.9900,0.9850,,,
02:34:09.910,249910,TICK,Down,0.0100,0.0200,0.0150,0.9800,0.9900,0.9850,,,
02:34:09.918,249918,TICK,Down,0.0100,0.0200,0.0150,0.9800,0.9900,0.9850,,,
02:34:10.579,250580,TICK,Up,0.0100,0.0200,0.0150,0.9800,0.9900,0.9850,,,
02:34:10.584,250585,TICK,Down,0.0100,0.0200,0.0150,0.9800,0.9900,0.9850,,,
02:34:10.617,250618,TICK,Down,0.0100,0.0200,0.0150,0.9800,0.9900,0.9850,,,
02:34:11.116,251116,TICK,Up,0.0100,0.0200,0.0150,0.9800,0.9900,0.9850,,,
02:34:11.125,251125,TICK,Down,0.0100,0.0200,0.0150,0.9800,0.9900,0.9850,,,
02:34:11.130,251130,TICK,Down,0.0100,0.0200,0.0150,0.9800,0.9900,0.9850,,,
02:34:13.439,253439,TICK,Up,0.0100,0.0200,0.0150,0.9800,0.9900,0.9850,,,
02:34:13.442,253443,TICK,Down,0.0100,0.0200,0.0150,0.9800,0.9900,0.9850,,,
02:34:13.466,253466,TICK,Down,0.0100,0.0200,0.0150,0.9800,0.9900,0.9850,,,
02:34:13.694,253695,TICK,Up,0.0100,0.0200,0.0150,0.9800,0.9900,0.9850,,,
02:34:13.699,253699,TICK,Down,0.0100,0.0200,0.0150,0.9800,0.9900,0.9850,,,
02:34:13.727,253728,TICK,Down,0.0100,0.0200,0.0150,0.9800,0.9900,0.9850,,,
02:34:14.534,254534,TICK,Up,0.0100,0.0200,0.0150,0.9800,0.9900,0.9850,,,
02:34:14.537,254538,TICK,Down,0.0100,0.0200,0.0150,0.9800,0.9900,0.9850,,,
02:34:14.542,254543,TICK,Up,0.0100,0.0200,0.0150,0.9800,0.9900,0.9850,,,
02:34:14.554,254555,TICK,Up,0.0100,0.0200,0.0150,0.9800,0.9900,0.9850,,,
02:34:14.558,254558,TICK,Down,0.0100,0.0200,0.0150,0.9800,0.9900,0.9850,,,
02:34:14.568,254569,TICK,Down,0.0100,0.0200,0.0150,0.9800,0.9900,0.9850,,,
02:34:15.698,255699,TICK,Up,0.0100,0.0200,0.0150,0.9800,0.9900,0.9850,,,
02:34:15.704,255705,TICK,Down,0.0100,0.0200,0.0150,0.9800,0.9900,0.9850,,,
02:34:15.741,255741,TICK,Down,0.0100,0.0200,0.0150,0.9800,0.9900,0.9850,,,
02:34:16.102,256103,TICK,Up,0.0100,0.0200,0.0150,0.9800,0.9900,0.9850,,,
02:34:16.109,256109,TICK,Down,0.0100,0.0200,0.0150,0.9800,0.9900,0.9850,,,
02:34:16.139,256140,TICK,Down,0.0100,0.0200,0.0150,0.9800,0.9900,0.9850,,,
02:34:16.506,256507,TICK,Up,0.0100,0.0200,0.0150,0.9800,0.9900,0.9850,,,
02:34:16.513,256514,TICK,Down,0.0100,0.0200,0.0150,0.9800,0.9900,0.9850,,,
02:34:16.519,256520,TICK,Down,0.0100,0.0200,0.0150,0.9800,0.9900,0.9850,,,
02:34:16.582,256583,TICK,Up,0.0100,0.0200,0.0150,0.9800,0.9900,0.9850,,,
02:34:16.587,256587,TICK,Down,0.0100,0.0200,0.0150,0.9800,0.9900,0.9850,,,
02:34:16.609,256610,TICK,Down,0.0100,0.0200,0.0150,0.9800,0.9900,0.9850,,,
02:34:16.618,256619,TICK,Up,0.0100,0.0300,0.0200,0.9800,0.9900,0.9850,,,
02:34:16.624,256624,TICK,Down,0.0100,0.0300,0.0200,0.9700,0.9900,0.9800,,,
02:34:16.664,256664,TICK,Up,0.0100,0.0300,0.0200,0.9700,0.9900,0.9800,,,
02:34:16.899,256900,TICK,Up,0.0100,0.0200,0.0150,0.9700,0.9900,0.9800,,,
02:34:16.903,256903,TICK,Down,0.0100,0.0200,0.0150,0.9800,0.9900,0.9850,,,
02:34:16.925,256925,TICK,Down,0.0100,0.0200,0.0150,0.9800,0.9900,0.9850,,,
02:34:17.176,257177,TICK,Up,0.0100,0.0200,0.0150,0.9800,0.9900,0.9850,,,
02:34:17.184,257184,TICK,Down,0.0100,0.0200,0.0150,0.9800,0.9900,0.9850,,,
02:34:17.200,257201,TICK,Down,0.0100,0.0200,0.0150,0.9800,0.9900,0.9850,,,
02:34:17.362,257362,TICK,Up,0.0100,0.0200,0.0150,0.9800,0.9900,0.9850,,,
02:34:17.365,257366,TICK,Down,0.0100,0.0200,0.0150,0.9800,0.9900,0.9850,,,
02:34:17.372,257373,TICK,Down,0.0100,0.0200,0.0150,0.9800,0.9900,0.9850,,,
02:34:18.294,258294,TICK,Up,0.0100,0.0200,0.0150,0.9800,0.9900,0.9850,,,
02:34:18.306,258306,TICK,Down,0.0100,0.0200,0.0150,0.9800,0.9900,0.9850,,,
02:34:18.316,258316,TICK,Up,0.0100,0.0200,0.0150,0.9800,0.9900,0.9850,,,
02:34:18.319,258320,TICK,Down,0.0100,0.0200,0.0150,0.9800,0.9900,0.9850,,,
02:34:18.323,258323,TICK,Down,0.0100,0.0200,0.0150,0.9800,0.9900,0.9850,,,
02:34:18.329,258329,TICK,Down,0.0100,0.0200,0.0150,0.9800,0.9900,0.9850,,,
02:34:18.819,258820,TICK,Up,0.0100,0.0200,0.0150,0.9800,0.9900,0.9850,,,
02:34:18.826,258826,TICK,Down,0.0100,0.0200,0.0150,0.9800,0.9900,0.9850,,,
02:34:18.878,258879,TICK,Down,0.0100,0.0200,0.0150,0.9800,0.9900,0.9850,,,
02:34:51.869,291869,TICK,Up,0.0100,0.0200,0.0150,0.9800,0.9900,0.9850,,,
02:34:51.875,291875,TICK,Down,0.0100,0.0200,0.0150,0.9800,0.9900,0.9850,,,
02:34:51.882,291882,TICK,Down,0.0100,0.0200,0.0150,0.9800,0.9900,0.9850,,,
02:34:51.903,291903,TICK,Up,0.0100,0.0200,0.0150,0.9800,0.9900,0.9850,,,
02:34:51.907,291907,TICK,Down,0.0100,0.0200,0.0150,0.9800,0.9900,0.9850,,,
02:34:51.912,291913,TICK,Down,0.0100,0.0200,0.0150,0.9800,0.9900,0.9850,,,
02:34:51.919,291920,TICK,Up,0.0100,0.0200,0.0150,0.9800,0.9900,0.9850,,,
02:34:51.924,291925,TICK,Down,0.0100,0.0200,0.0150,0.9800,0.9900,0.9850,,,
02:34:51.928,291929,TICK,Down,0.0100,0.0200,0.0150,0.9800,0.9900,0.9850,,,
02:34:51.933,291934,TICK,Up,0.0100,0.0200,0.0150,0.9800,0.9900,0.9850,,,
02:34:51.938,291938,TICK,Down,0.0100,0.0200,0.0150,0.9800,0.9900,0.9850,,,
02:34:51.942,291943,TICK,Down,0.0100,0.0200,0.0150,0.9800,0.9900,0.9850,,,
02:34:56.752,296752,TICK,Up,0.0100,0.0200,0.0150,0.9800,0.9900,0.9850,,,
02:34:56.755,296755,TICK,Down,0.0100,0.0200,0.0150,0.9800,0.9900,0.9850,,,
02:34:56.758,296759,TICK,Down,0.0100,0.0200,0.0150,0.9800,0.9900,0.9850,,,
02:34:56.775,296776,TICK,Up,0.0100,0.0200,0.0150,0.9800,0.9900,0.9850,,,
02:34:56.781,296781,TICK,Down,0.0100,0.0200,0.0150,0.9800,0.9900,0.9850,,,
02:34:56.793,296793,TICK,Down,0.0100,0.0200,0.0150,0.9800,0.9900,0.9850,,,
02:34:56.798,296798,TICK,Up,0.0100,0.0200,0.0150,0.9800,0.9900,0.9850,,,
02:34:56.805,296805,TICK,Down,0.0100,0.0200,0.0150,0.9800,0.9900,0.9850,,,
02:34:56.809,296809,TICK,Down,0.0100,0.0200,0.0150,0.9800,0.9900,0.9850,,,
